seed,width,query,family,model_query_id,method,budget,rep,estimate,reference_rate,reference_ci_half_width,select_rate,uses_concept,abs_error,squared_error,build_label_cost,query_label_budget,first_query_label_cost,forward_cost,eval_accuracy,eval_nll,train_seconds
20260521,1,0,concept_confusion,cifar10/w1/20260521/0,mc,512,0,0.00390625,0.0039,0.0012216304377347512,0.004375,True,6.250000000000179e-06,3.906250000000224e-11,0,512,512,512,0.6813333630561829,0.95064377784729,218.07780474994797
20260521,1,0,concept_confusion,cifar10/w1/20260521/0,random_stratified,512,0,0.0,0.0039,0.0012216304377347512,0.004375,True,0.0039,1.5209999999999998e-05,0,512,512,3072,0.6813333630561829,0.95064377784729,218.07780474994797
20260521,1,0,concept_confusion,cifar10/w1/20260521/0,output_active,512,0,0.004078975340136054,0.0039,0.0012216304377347512,0.004375,True,0.00017897534013605436,3.203217237681635e-08,0,512,512,3072,0.6813333630561829,0.95064377784729,218.07780474994797
20260521,1,0,concept_confusion,cifar10/w1/20260521/0,ase_output,512,0,0.0,0.0039,0.0012216304377347512,0.004375,True,0.0039,1.5209999999999998e-05,0,512,512,3072,0.6813333630561829,0.95064377784729,218.07780474994797
20260521,1,0,concept_confusion,cifar10/w1/20260521/0,sparse_internal,512,0,0.0046913786879765555,0.0039,0.0012216304377347512,0.004375,True,0.0007913786879765556,6.262802277834946e-07,6000,512,6512,9072,0.6813333630561829,0.95064377784729,218.07780474994797
20260521,1,0,concept_confusion,cifar10/w1/20260521/0,output_comp,512,0,0.0039062499999999996,0.0039,0.0012216304377347512,0.004375,True,6.249999999999745e-06,3.9062499999996815e-11,6000,512,6512,9072,0.6813333630561829,0.95064377784729,218.07780474994797
20260521,1,0,concept_confusion,cifar10/w1/20260521/0,input_concept_comp,512,0,0.0036061674579006375,0.0039,0.0012216304377347512,0.004375,True,0.0002938325420993623,8.633756279657353e-08,6000,512,6512,9072,0.6813333630561829,0.95064377784729,218.07780474994797
20260521,1,0,concept_confusion,cifar10/w1/20260521/0,mc,2048,0,0.00439453125,0.0039,0.0012216304377347512,0.004375,True,0.0004945312500000002,2.4456115722656265e-07,0,2048,2048,2048,0.6813333630561829,0.95064377784729,218.07780474994797
20260521,1,0,concept_confusion,cifar10/w1/20260521/0,random_stratified,2048,0,0.0035368620600725043,0.0039,0.0012216304377347512,0.004375,True,0.00036313793992749557,1.3186916341478537e-07,0,2048,2048,3072,0.6813333630561829,0.95064377784729,218.07780474994797
20260521,1,0,concept_confusion,cifar10/w1/20260521/0,output_active,2048,0,0.00390625,0.0039,0.0012216304377347512,0.004375,True,6.250000000000179e-06,3.906250000000224e-11,0,2048,2048,3072,0.6813333630561829,0.95064377784729,218.07780474994797
20260521,1,0,concept_confusion,cifar10/w1/20260521/0,ase_output,2048,0,0.0039025025150284456,0.0039,0.0012216304377347512,0.004375,True,2.502515028445819e-06,6.262581467597178e-12,0,2048,2048,3072,0.6813333630561829,0.95064377784729,218.07780474994797
20260521,1,0,concept_confusion,cifar10/w1/20260521/0,sparse_internal,2048,0,0.003580729166666666,0.0039,0.0012216304377347512,0.004375,True,0.00031927083333333373,1.0193386501736136e-07,6000,2048,8048,9072,0.6813333630561829,0.95064377784729,218.07780474994797
20260521,1,0,concept_confusion,cifar10/w1/20260521/0,output_comp,2048,0,0.0039062499999999996,0.0039,0.0012216304377347512,0.004375,True,6.249999999999745e-06,3.9062499999996815e-11,6000,2048,8048,9072,0.6813333630561829,0.95064377784729,218.07780474994797
20260521,1,0,concept_confusion,cifar10/w1/20260521/0,input_concept_comp,2048,0,0.0039062499999999996,0.0039,0.0012216304377347512,0.004375,True,6.249999999999745e-06,3.9062499999996815e-11,6000,2048,8048,9072,0.6813333630561829,0.95064377784729,218.07780474994797
20260521,1,1,basis_class_error,cifar10/w1/20260521/1,mc,512,0,0.0234375,0.0192,0.002689657089221598,0.019,True,0.004237500000000002,1.7956406250000015e-05,0,512,512,512,0.6813333630561829,0.95064377784729,218.07780474994797
20260521,1,1,basis_class_error,cifar10/w1/20260521/1,random_stratified,512,0,0.024866147233156714,0.0192,0.002689657089221598,0.019,True,0.005666147233156716,3.210522446780951e-05,0,512,512,3072,0.6813333630561829,0.95064377784729,218.07780474994797
20260521,1,1,basis_class_error,cifar10/w1/20260521/1,output_active,512,0,0.024307679117969324,0.0192,0.002689657089221598,0.019,True,0.005107679117969326,2.6088385972139908e-05,0,512,512,3072,0.6813333630561829,0.95064377784729,218.07780474994797
20260521,1,1,basis_class_error,cifar10/w1/20260521/1,ase_output,512,0,0.0194426793050734,0.0192,0.002689657089221598,0.019,True,0.00024267930507340316,5.889324511090988e-08,0,512,512,3072,0.6813333630561829,0.95064377784729,218.07780474994797
20260521,1,1,basis_class_error,cifar10/w1/20260521/1,sparse_internal,512,0,0.022668560192938995,0.0192,0.002689657089221598,0.019,True,0.003468560192938997,1.2030909812041013e-05,6000,512,6512,9072,0.6813333630561829,0.95064377784729,218.07780474994797
20260521,1,1,basis_class_error,cifar10/w1/20260521/1,output_comp,512,0,0.012793752822661583,0.0192,0.002689657089221598,0.019,True,0.006406247177338415,4.104000289715641e-05,6000,512,6512,9072,0.6813333630561829,0.95064377784729,218.07780474994797
20260521,1,1,basis_class_error,cifar10/w1/20260521/1,input_concept_comp,512,0,0.013650915646430985,0.0192,0.002689657089221598,0.019,True,0.005549084353569014,3.0792337163024435e-05,6000,512,6512,9072,0.6813333630561829,0.95064377784729,218.07780474994797
20260521,1,1,basis_class_error,cifar10/w1/20260521/1,mc,2048,0,0.01953125,0.0192,0.002689657089221598,0.019,True,0.0003312500000000017,1.0972656250000111e-07,0,2048,2048,2048,0.6813333630561829,0.95064377784729,218.07780474994797
20260521,1,1,basis_class_error,cifar10/w1/20260521/1,random_stratified,2048,0,0.019628154728656727,0.0192,0.002689657089221598,0.019,True,0.00042815472865672874,1.83316471671117e-07,0,2048,2048,3072,0.6813333630561829,0.95064377784729,218.07780474994797
20260521,1,1,basis_class_error,cifar10/w1/20260521/1,output_active,2048,0,0.021115362373448767,0.0192,0.002689657089221598,0.019,True,0.0019153623734487688,3.6686130216233007e-06,0,2048,2048,3072,0.6813333630561829,0.95064377784729,218.07780474994797
20260521,1,1,basis_class_error,cifar10/w1/20260521/1,ase_output,2048,0,0.019172186572198685,0.0192,0.002689657089221598,0.019,True,2.7813427801313267e-05,7.735867660588658e-10,0,2048,2048,3072,0.6813333630561829,0.95064377784729,218.07780474994797
20260521,1,1,basis_class_error,cifar10/w1/20260521/1,sparse_internal,2048,0,0.02190590857064044,0.0192,0.002689657089221598,0.019,True,0.002705908570640441,7.321941192665395e-06,6000,2048,8048,9072,0.6813333630561829,0.95064377784729,218.07780474994797
20260521,1,1,basis_class_error,cifar10/w1/20260521/1,output_comp,2048,0,0.01960019842714482,0.0192,0.002689657089221598,0.019,True,0.00040019842714482043,1.6015878108918815e-07,6000,2048,8048,9072,0.6813333630561829,0.95064377784729,218.07780474994797
20260521,1,1,basis_class_error,cifar10/w1/20260521/1,input_concept_comp,2048,0,0.019915583157893102,0.0192,0.002689657089221598,0.019,True,0.0007155831578931036,5.120592558602665e-07,6000,2048,8048,9072,0.6813333630561829,0.95064377784729,218.07780474994797
20260521,1,2,concept_class_error,cifar10/w1/20260521/2,mc,512,0,0.00390625,0.0045,0.0013118463172185986,0.004,True,0.0005937499999999997,3.525390624999996e-07,0,512,512,512,0.6813333630561829,0.95064377784729,218.07780474994797
20260521,1,2,concept_class_error,cifar10/w1/20260521/2,random_stratified,512,0,0.006820605575129358,0.0045,0.0013118463172185986,0.004,True,0.002320605575129358,5.385210235321459e-06,0,512,512,3072,0.6813333630561829,0.95064377784729,218.07780474994797
20260521,1,2,concept_class_error,cifar10/w1/20260521/2,output_active,512,0,0.009893513198846866,0.0045,0.0013118463172185986,0.004,True,0.005393513198846866,2.9089984626135354e-05,0,512,512,3072,0.6813333630561829,0.95064377784729,218.07780474994797
20260521,1,2,concept_class_error,cifar10/w1/20260521/2,ase_output,512,0,0.00306465681272923,0.0045,0.0013118463172185986,0.004,True,0.0014353431872707696,2.0602100652446114e-06,0,512,512,3072,0.6813333630561829,0.95064377784729,218.07780474994797
20260521,1,2,concept_class_error,cifar10/w1/20260521/2,sparse_internal,512,0,0.004441550925925926,0.0045,0.0013118463172185986,0.004,True,5.844907407407361e-05,3.416294260116544e-09,6000,512,6512,9072,0.6813333630561829,0.95064377784729,218.07780474994797
20260521,1,2,concept_class_error,cifar10/w1/20260521/2,output_comp,512,0,0.005397884325049389,0.0045,0.0013118463172185986,0.004,True,0.0008978843250493891,8.061962611693972e-07,6000,512,6512,9072,0.6813333630561829,0.95064377784729,218.07780474994797
20260521,1,2,concept_class_error,cifar10/w1/20260521/2,input_concept_comp,512,0,0.005305683313732079,0.0045,0.0013118463172185986,0.004,True,0.0008056833137320791,6.491256020263038e-07,6000,512,6512,9072,0.6813333630561829,0.95064377784729,218.07780474994797
20260521,1,2,concept_class_error,cifar10/w1/20260521/2,mc,2048,0,0.00341796875,0.0045,0.0013118463172185986,0.004,True,0.0010820312499999997,1.1707916259765617e-06,0,2048,2048,2048,0.6813333630561829,0.95064377784729,218.07780474994797
20260521,1,2,concept_class_error,cifar10/w1/20260521/2,random_stratified,2048,0,0.0042376903084491175,0.0045,0.0013118463172185986,0.004,True,0.00026230969155088216,6.880637428151894e-08,0,2048,2048,3072,0.6813333630561829,0.95064377784729,218.07780474994797
20260521,1,2,concept_class_error,cifar10/w1/20260521/2,output_active,2048,0,0.008491131496888044,0.0045,0.0013118463172185986,0.004,True,0.003991131496888044,1.5929130625451796e-05,0,2048,2048,3072,0.6813333630561829,0.95064377784729,218.07780474994797
20260521,1,2,concept_class_error,cifar10/w1/20260521/2,ase_output,2048,0,0.013240867097781037,0.0045,0.0013118463172185986,0.004,True,0.008740867097781036,7.640275762107107e-05,0,2048,2048,3072,0.6813333630561829,0.95064377784729,218.07780474994797
20260521,1,2,concept_class_error,cifar10/w1/20260521/2,sparse_internal,2048,0,0.00551810315860215,0.0045,0.0013118463172185986,0.004,True,0.0010181031586021507,1.0365340415556761e-06,6000,2048,8048,9072,0.6813333630561829,0.95064377784729,218.07780474994797
20260521,1,2,concept_class_error,cifar10/w1/20260521/2,output_comp,2048,0,0.004362573725266362,0.0045,0.0013118463172185986,0.004,True,0.00013742627473363727,1.888598098716515e-08,6000,2048,8048,9072,0.6813333630561829,0.95064377784729,218.07780474994797
20260521,1,2,concept_class_error,cifar10/w1/20260521/2,input_concept_comp,2048,0,0.005533854166666666,0.0045,0.0013118463172185986,0.004,True,0.0010338541666666664,1.0688544379340273e-06,6000,2048,8048,9072,0.6813333630561829,0.95064377784729,218.07780474994797
20260521,1,3,concept_class_error,cifar10/w1/20260521/3,mc,512,0,0.01171875,0.013,0.002220170479940673,0.0125,True,0.0012812499999999994,1.6416015624999985e-06,0,512,512,512,0.6813333630561829,0.95064377784729,218.07780474994797
20260521,1,3,concept_class_error,cifar10/w1/20260521/3,random_stratified,512,0,0.01233480897429203,0.013,0.002220170479940673,0.0125,True,0.0006651910257079695,4.424791006824205e-07,0,512,512,3072,0.6813333630561829,0.95064377784729,218.07780474994797
20260521,1,3,concept_class_error,cifar10/w1/20260521/3,output_active,512,0,0.011730008414852581,0.013,0.002220170479940673,0.0125,True,0.0012699915851474182,1.612878626345252e-06,0,512,512,3072,0.6813333630561829,0.95064377784729,218.07780474994797
20260521,1,3,concept_class_error,cifar10/w1/20260521/3,ase_output,512,0,0.010251685364291857,0.013,0.002220170479940673,0.0125,True,0.0027483146357081423,7.553233336847579e-06,0,512,512,3072,0.6813333630561829,0.95064377784729,218.07780474994797
20260521,1,3,concept_class_error,cifar10/w1/20260521/3,sparse_internal,512,0,0.012495924373306233,0.013,0.002220170479940673,0.0125,True,0.000504075626693766,2.5409223742671295e-07,6000,512,6512,9072,0.6813333630561829,0.95064377784729,218.07780474994797
20260521,1,3,concept_class_error,cifar10/w1/20260521/3,output_comp,512,0,0.013498068744059944,0.013,0.002220170479940673,0.0125,True,0.0004980687440599447,2.4807247380945067e-07,6000,512,6512,9072,0.6813333630561829,0.95064377784729,218.07780474994797
20260521,1,3,concept_class_error,cifar10/w1/20260521/3,input_concept_comp,512,0,0.012590724468337804,0.013,0.002220170479940673,0.0125,True,0.0004092755316621958,1.6750646081737302e-07,6000,512,6512,9072,0.6813333630561829,0.95064377784729,218.07780474994797
20260521,1,3,concept_class_error,cifar10/w1/20260521/3,mc,2048,0,0.0107421875,0.013,0.002220170479940673,0.0125,True,0.0022578124999999994,5.097717285156247e-06,0,2048,2048,2048,0.6813333630561829,0.95064377784729,218.07780474994797
20260521,1,3,concept_class_error,cifar10/w1/20260521/3,random_stratified,2048,0,0.011585490715640124,0.013,0.002220170479940673,0.0125,True,0.0014145092843598755,2.000836515540287e-06,0,2048,2048,3072,0.6813333630561829,0.95064377784729,218.07780474994797
20260521,1,3,concept_class_error,cifar10/w1/20260521/3,output_active,2048,0,0.011344524312094685,0.013,0.002220170479940673,0.0125,True,0.0016554756879053143,2.740599753245574e-06,0,2048,2048,3072,0.6813333630561829,0.95064377784729,218.07780474994797
20260521,1,3,concept_class_error,cifar10/w1/20260521/3,ase_output,2048,0,0.011165832777317058,0.013,0.002220170479940673,0.0125,True,0.001834167222682941,3.364169400764453e-06,0,2048,2048,3072,0.6813333630561829,0.95064377784729,218.07780474994797
20260521,1,3,concept_class_error,cifar10/w1/20260521/3,sparse_internal,2048,0,0.011885799899236346,0.013,0.002220170479940673,0.0125,True,0.0011142001007636536,1.2414418645417357e-06,6000,2048,8048,9072,0.6813333630561829,0.95064377784729,218.07780474994797
20260521,1,3,concept_class_error,cifar10/w1/20260521/3,output_comp,2048,0,0.012511576830776057,0.013,0.002220170479940673,0.0125,True,0.0004884231692239421,2.385571922347596e-07,6000,2048,8048,9072,0.6813333630561829,0.95064377784729,218.07780474994797
20260521,1,3,concept_class_error,cifar10/w1/20260521/3,input_concept_comp,2048,0,0.011493740862573099,0.013,0.002220170479940673,0.0125,True,0.0015062591374269008,2.2688165890820315e-06,6000,2048,8048,9072,0.6813333630561829,0.95064377784729,218.07780474994797
20260521,1,4,basis_class_error,cifar10/w1/20260521/4,mc,512,0,0.01953125,0.0204,0.0027707385250867684,0.020625,True,0.0008687500000000015,7.547265625000025e-07,0,512,512,512,0.6813333630561829,0.95064377784729,218.07780474994797
20260521,1,4,basis_class_error,cifar10/w1/20260521/4,random_stratified,512,0,0.02458751661239758,0.0204,0.0027707385250867684,0.020625,True,0.004187516612397579,1.75352953791057e-05,0,512,512,3072,0.6813333630561829,0.95064377784729,218.07780474994797
20260521,1,4,basis_class_error,cifar10/w1/20260521/4,output_active,512,0,0.02221746256097084,0.0204,0.0027707385250867684,0.020625,True,0.001817462560970838,3.3031701605306773e-06,0,512,512,3072,0.6813333630561829,0.95064377784729,218.07780474994797
20260521,1,4,basis_class_error,cifar10/w1/20260521/4,ase_output,512,0,0.018644856082891417,0.0204,0.0027707385250867684,0.020625,True,0.0017551439171085842,3.080530169763265e-06,0,512,512,3072,0.6813333630561829,0.95064377784729,218.07780474994797
20260521,1,4,basis_class_error,cifar10/w1/20260521/4,sparse_internal,512,0,0.020203096731067384,0.0204,0.0027707385250867684,0.020625,True,0.0001969032689326175,3.877089731635069e-08,6000,512,6512,9072,0.6813333630561829,0.95064377784729,218.07780474994797
20260521,1,4,basis_class_error,cifar10/w1/20260521/4,output_comp,512,0,0.025103490692047675,0.0204,0.0027707385250867684,0.020625,True,0.004703490692047674,2.2122824690179105e-05,6000,512,6512,9072,0.6813333630561829,0.95064377784729,218.07780474994797
20260521,1,4,basis_class_error,cifar10/w1/20260521/4,input_concept_comp,512,0,0.018543610552751288,0.0204,0.0027707385250867684,0.020625,True,0.0018563894472487137,3.446181779856385e-06,6000,512,6512,9072,0.6813333630561829,0.95064377784729,218.07780474994797
20260521,1,4,basis_class_error,cifar10/w1/20260521/4,mc,2048,0,0.02197265625,0.0204,0.0027707385250867684,0.020625,True,0.0015726562499999985,2.4732476806640578e-06,0,2048,2048,2048,0.6813333630561829,0.95064377784729,218.07780474994797
20260521,1,4,basis_class_error,cifar10/w1/20260521/4,random_stratified,2048,0,0.02118485589506134,0.0204,0.0027707385250867684,0.020625,True,0.0007848558950613385,6.159987760125348e-07,0,2048,2048,3072,0.6813333630561829,0.95064377784729,218.07780474994797
20260521,1,4,basis_class_error,cifar10/w1/20260521/4,output_active,2048,0,0.023398574822310773,0.0204,0.0027707385250867684,0.020625,True,0.002998574822310772,8.991450964996077e-06,0,2048,2048,3072,0.6813333630561829,0.95064377784729,218.07780474994797
20260521,1,4,basis_class_error,cifar10/w1/20260521/4,ase_output,2048,0,0.02069337267237009,0.0204,0.0027707385250867684,0.020625,True,0.00029337267237009024,8.606752489356831e-08,0,2048,2048,3072,0.6813333630561829,0.95064377784729,218.07780474994797
20260521,1,4,basis_class_error,cifar10/w1/20260521/4,sparse_internal,2048,0,0.0216901577074589,0.0204,0.0027707385250867684,0.020625,True,0.0012901577074588971,1.6645069101155971e-06,6000,2048,8048,9072,0.6813333630561829,0.95064377784729,218.07780474994797
20260521,1,4,basis_class_error,cifar10/w1/20260521/4,output_comp,2048,0,0.02057861310967039,0.0204,0.0027707385250867684,0.020625,True,0.00017861310967038843,3.19026429461262e-08,6000,2048,8048,9072,0.6813333630561829,0.95064377784729,218.07780474994797
20260521,1,4,basis_class_error,cifar10/w1/20260521/4,input_concept_comp,2048,0,0.023322783657503062,0.0204,0.0027707385250867684,0.020625,True,0.0029227836575030607,8.54266430856697e-06,6000,2048,8048,9072,0.6813333630561829,0.95064377784729,218.07780474994797
20260521,1,5,basis_confusion,cifar10/w1/20260521/5,mc,512,0,0.0,0.0043,0.0012824916692127089,0.00475,True,0.0043,1.849e-05,0,512,512,512,0.6813333630561829,0.95064377784729,218.07780474994797
20260521,1,5,basis_confusion,cifar10/w1/20260521/5,random_stratified,512,0,0.003482579703282828,0.0043,0.0012824916692127089,0.00475,True,0.0008174202967171718,6.681759414851891e-07,0,512,512,3072,0.6813333630561829,0.95064377784729,218.07780474994797
20260521,1,5,basis_confusion,cifar10/w1/20260521/5,output_active,512,0,0.003997395833333333,0.0043,0.0012824916692127089,0.00475,True,0.00030260416666666717,9.156928168402808e-08,0,512,512,3072,0.6813333630561829,0.95064377784729,218.07780474994797
20260521,1,5,basis_confusion,cifar10/w1/20260521/5,ase_output,512,0,0.0025270696271929823,0.0043,0.0012824916692127089,0.00475,True,0.0017729303728070177,3.143282106821631e-06,0,512,512,3072,0.6813333630561829,0.95064377784729,218.07780474994797
20260521,1,5,basis_confusion,cifar10/w1/20260521/5,sparse_internal,512,0,0.007940806831945446,0.0043,0.0012824916692127089,0.00475,True,0.0036408068319454465,1.3255474387540639e-05,6000,512,6512,9072,0.6813333630561829,0.95064377784729,218.07780474994797
20260521,1,5,basis_confusion,cifar10/w1/20260521/5,output_comp,512,0,0.004557291666666666,0.0043,0.0012824916692127089,0.00475,True,0.0002572916666666661,6.61990017361108e-08,6000,512,6512,9072,0.6813333630561829,0.95064377784729,218.07780474994797
20260521,1,5,basis_confusion,cifar10/w1/20260521/5,input_concept_comp,512,0,0.01635332700683608,0.0043,0.0012824916692127089,0.00475,True,0.012053327006836081,0.00014528269193372404,6000,512,6512,9072,0.6813333630561829,0.95064377784729,218.07780474994797
20260521,1,5,basis_confusion,cifar10/w1/20260521/5,mc,2048,0,0.00439453125,0.0043,0.0012824916692127089,0.00475,True,9.453125e-05,8.9361572265625e-09,0,2048,2048,2048,0.6813333630561829,0.95064377784729,218.07780474994797
20260521,1,5,basis_confusion,cifar10/w1/20260521/5,random_stratified,2048,0,0.005833881540912744,0.0043,0.0012824916692127089,0.00475,True,0.0015338815409127442,2.352792581552855e-06,0,2048,2048,3072,0.6813333630561829,0.95064377784729,218.07780474994797
20260521,1,5,basis_confusion,cifar10/w1/20260521/5,output_active,2048,0,0.004557291666666666,0.0043,0.0012824916692127089,0.00475,True,0.0002572916666666661,6.61990017361108e-08,0,2048,2048,3072,0.6813333630561829,0.95064377784729,218.07780474994797
20260521,1,5,basis_confusion,cifar10/w1/20260521/5,ase_output,2048,0,0.004539292686150026,0.0043,0.0012824916692127089,0.00475,True,0.000239292686150026,5.726098964489485e-08,0,2048,2048,3072,0.6813333630561829,0.95064377784729,218.07780474994797
20260521,1,5,basis_confusion,cifar10/w1/20260521/5,sparse_internal,2048,0,0.00472204506802721,0.0043,0.0012824916692127089,0.00475,True,0.00042204506802720997,1.7812203944609228e-07,6000,2048,8048,9072,0.6813333630561829,0.95064377784729,218.07780474994797
20260521,1,5,basis_confusion,cifar10/w1/20260521/5,output_comp,2048,0,0.004557291666666666,0.0043,0.0012824916692127089,0.00475,True,0.0002572916666666661,6.61990017361108e-08,6000,2048,8048,9072,0.6813333630561829,0.95064377784729,218.07780474994797
20260521,1,5,basis_confusion,cifar10/w1/20260521/5,input_concept_comp,2048,0,0.004742194699624586,0.0043,0.0012824916692127089,0.00475,True,0.0004421946996245856,1.955361523760775e-07,6000,2048,8048,9072,0.6813333630561829,0.95064377784729,218.07780474994797
20260521,1,6,concept_class_error,cifar10/w1/20260521/6,mc,512,0,0.0,0.0035,0.0011575206434444269,0.003625,True,0.0035,1.2250000000000001e-05,0,512,512,512,0.6813333630561829,0.95064377784729,218.07780474994797
20260521,1,6,concept_class_error,cifar10/w1/20260521/6,random_stratified,512,0,0.004723813353466387,0.0035,0.0011575206434444269,0.003625,True,0.0012238133534663866,1.497719124122643e-06,0,512,512,3072,0.6813333630561829,0.95064377784729,218.07780474994797
20260521,1,6,concept_class_error,cifar10/w1/20260521/6,output_active,512,0,0.008937873159051403,0.0035,0.0011575206434444269,0.003625,True,0.005437873159051403,2.9570464493931687e-05,0,512,512,3072,0.6813333630561829,0.95064377784729,218.07780474994797
20260521,1,6,concept_class_error,cifar10/w1/20260521/6,ase_output,512,0,0.007882656899202006,0.0035,0.0011575206434444269,0.003625,True,0.004382656899202007,1.920768149612295e-05,0,512,512,3072,0.6813333630561829,0.95064377784729,218.07780474994797
20260521,1,6,concept_class_error,cifar10/w1/20260521/6,sparse_internal,512,0,0.006655851841073621,0.0035,0.0011575206434444269,0.003625,True,0.0031558518410736212,9.959400842807764e-06,6000,512,6512,9072,0.6813333630561829,0.95064377784729,218.07780474994797
20260521,1,6,concept_class_error,cifar10/w1/20260521/6,output_comp,512,0,0.006859946756770806,0.0035,0.0011575206434444269,0.003625,True,0.003359946756770806,1.1289242208334659e-05,6000,512,6512,9072,0.6813333630561829,0.95064377784729,218.07780474994797
20260521,1,6,concept_class_error,cifar10/w1/20260521/6,input_concept_comp,512,0,0.007281255184140675,0.0035,0.0011575206434444269,0.003625,True,0.0037812551841406752,1.4297890767590732e-05,6000,512,6512,9072,0.6813333630561829,0.95064377784729,218.07780474994797
20260521,1,6,concept_class_error,cifar10/w1/20260521/6,mc,2048,0,0.001953125,0.0035,0.0011575206434444269,0.003625,True,0.001546875,2.392822265625e-06,0,2048,2048,2048,0.6813333630561829,0.95064377784729,218.07780474994797
20260521,1,6,concept_class_error,cifar10/w1/20260521/6,random_stratified,2048,0,0.007917610589152564,0.0035,0.0011575206434444269,0.003625,True,0.004417610589152564,1.9515283317392864e-05,0,2048,2048,3072,0.6813333630561829,0.95064377784729,218.07780474994797
20260521,1,6,concept_class_error,cifar10/w1/20260521/6,output_active,2048,0,0.005551253357952289,0.0035,0.0011575206434444269,0.003625,True,0.002051253357952289,4.207640338510542e-06,0,2048,2048,3072,0.6813333630561829,0.95064377784729,218.07780474994797
20260521,1,6,concept_class_error,cifar10/w1/20260521/6,ase_output,2048,0,0.004700686940791135,0.0035,0.0011575206434444269,0.003625,True,0.001200686940791135,1.4416491297863745e-06,0,2048,2048,3072,0.6813333630561829,0.95064377784729,218.07780474994797
20260521,1,6,concept_class_error,cifar10/w1/20260521/6,sparse_internal,2048,0,0.00667081507769296,0.0035,0.0011575206434444269,0.003625,True,0.0031708150776929597,1.005406825692501e-05,6000,2048,8048,9072,0.6813333630561829,0.95064377784729,218.07780474994797
20260521,1,6,concept_class_error,cifar10/w1/20260521/6,output_comp,2048,0,0.007442896312123361,0.0035,0.0011575206434444269,0.003625,True,0.003942896312123361,1.5546431328156002e-05,6000,2048,8048,9072,0.6813333630561829,0.95064377784729,218.07780474994797
20260521,1,6,concept_class_error,cifar10/w1/20260521/6,input_concept_comp,2048,0,0.005859375,0.0035,0.0011575206434444269,0.003625,True,0.002359375,5.566650390625e-06,6000,2048,8048,9072,0.6813333630561829,0.95064377784729,218.07780474994797
20260521,1,7,concept_confusion,cifar10/w1/20260521/7,mc,512,0,0.00390625,0.0013,0.0007062285533734812,0.001125,True,0.00260625,6.7925390625e-06,0,512,512,512,0.6813333630561829,0.95064377784729,218.07780474994797
20260521,1,7,concept_confusion,cifar10/w1/20260521/7,random_stratified,512,0,0.0,0.0013,0.0007062285533734812,0.001125,True,0.0013,1.69e-06,0,512,512,3072,0.6813333630561829,0.95064377784729,218.07780474994797
20260521,1,7,concept_confusion,cifar10/w1/20260521/7,output_active,512,0,0.0005743384818007663,0.0013,0.0007062285533734812,0.001125,True,0.0007256615181992337,5.265846389952167e-07,0,512,512,3072,0.6813333630561829,0.95064377784729,218.07780474994797
20260521,1,7,concept_confusion,cifar10/w1/20260521/7,ase_output,512,0,0.0,0.0013,0.0007062285533734812,0.001125,True,0.0013,1.69e-06,0,512,512,3072,0.6813333630561829,0.95064377784729,218.07780474994797
20260521,1,7,concept_confusion,cifar10/w1/20260521/7,sparse_internal,512,0,0.0035874065170940174,0.0013,0.0007062285533734812,0.001125,True,0.0022874065170940174,5.232228574444183e-06,6000,512,6512,9072,0.6813333630561829,0.95064377784729,218.07780474994797
20260521,1,7,concept_confusion,cifar10/w1/20260521/7,output_comp,512,0,0.0006510416666666666,0.0013,0.0007062285533734812,0.001125,True,0.0006489583333333333,4.2114691840277774e-07,6000,512,6512,9072,0.6813333630561829,0.95064377784729,218.07780474994797
20260521,1,7,concept_confusion,cifar10/w1/20260521/7,input_concept_comp,512,0,0.00045015718843843843,0.0013,0.0007062285533734812,0.001125,True,0.0008498428115615615,7.222328043628597e-07,6000,512,6512,9072,0.6813333630561829,0.95064377784729,218.07780474994797
20260521,1,7,concept_confusion,cifar10/w1/20260521/7,mc,2048,0,0.001953125,0.0013,0.0007062285533734812,0.001125,True,0.0006531250000000001,4.265722656250001e-07,0,2048,2048,2048,0.6813333630561829,0.95064377784729,218.07780474994797
20260521,1,7,concept_confusion,cifar10/w1/20260521/7,random_stratified,2048,0,0.0003828923212005108,0.0013,0.0007062285533734812,0.001125,True,0.0009171076787994892,8.41086494512987e-07,0,2048,2048,3072,0.6813333630561829,0.95064377784729,218.07780474994797
20260521,1,7,concept_confusion,cifar10/w1/20260521/7,output_active,2048,0,0.0006510416666666666,0.0013,0.0007062285533734812,0.001125,True,0.0006489583333333333,4.2114691840277774e-07,0,2048,2048,3072,0.6813333630561829,0.95064377784729,218.07780474994797
20260521,1,7,concept_confusion,cifar10/w1/20260521/7,ase_output,2048,0,0.0,0.0013,0.0007062285533734812,0.001125,True,0.0013,1.69e-06,0,2048,2048,3072,0.6813333630561829,0.95064377784729,218.07780474994797
20260521,1,7,concept_confusion,cifar10/w1/20260521/7,sparse_internal,2048,0,0.0004129541150137741,0.0013,0.0007062285533734812,0.001125,True,0.0008870458849862258,7.868504020709966e-07,6000,2048,8048,9072,0.6813333630561829,0.95064377784729,218.07780474994797
20260521,1,7,concept_confusion,cifar10/w1/20260521/7,output_comp,2048,0,0.0006510416666666666,0.0013,0.0007062285533734812,0.001125,True,0.0006489583333333333,4.2114691840277774e-07,6000,2048,8048,9072,0.6813333630561829,0.95064377784729,218.07780474994797
20260521,1,7,concept_confusion,cifar10/w1/20260521/7,input_concept_comp,2048,0,0.0006510416666666666,0.0013,0.0007062285533734812,0.001125,True,0.0006489583333333333,4.2114691840277774e-07,6000,2048,8048,9072,0.6813333630561829,0.95064377784729,218.07780474994797
20260521,1,8,basis_class_error,cifar10/w1/20260521/8,mc,512,0,0.060546875,0.0394,0.003813076104984006,0.038625,True,0.021146875000000002,0.0004471903222656251,0,512,512,512,0.6813333630561829,0.95064377784729,218.07780474994797
20260521,1,8,basis_class_error,cifar10/w1/20260521/8,random_stratified,512,0,0.03842267787900472,0.0394,0.003813076104984006,0.038625,True,0.000977322120995279,9.551585281867107e-07,0,512,512,3072,0.6813333630561829,0.95064377784729,218.07780474994797
20260521,1,8,basis_class_error,cifar10/w1/20260521/8,output_active,512,0,0.03670269761538868,0.0394,0.003813076104984006,0.038625,True,0.0026973023846113206,7.275440154029917e-06,0,512,512,3072,0.6813333630561829,0.95064377784729,218.07780474994797
20260521,1,8,basis_class_error,cifar10/w1/20260521/8,ase_output,512,0,0.02589669628548942,0.0394,0.003813076104984006,0.038625,True,0.013503303714510577,0.00018233921120631514,0,512,512,3072,0.6813333630561829,0.95064377784729,218.07780474994797
20260521,1,8,basis_class_error,cifar10/w1/20260521/8,sparse_internal,512,0,0.027814016542328162,0.0394,0.003813076104984006,0.038625,True,0.011585983457671836,0.00013423501268144543,6000,512,6512,9072,0.6813333630561829,0.95064377784729,218.07780474994797
20260521,1,8,basis_class_error,cifar10/w1/20260521/8,output_comp,512,0,0.025955133994841985,0.0394,0.003813076104984006,0.038625,True,0.013444866005158013,0.00018076442189665358,6000,512,6512,9072,0.6813333630561829,0.95064377784729,218.07780474994797
20260521,1,8,basis_class_error,cifar10/w1/20260521/8,input_concept_comp,512,0,0.03355046108584803,0.0394,0.003813076104984006,0.038625,True,0.005849538914151971,3.421710550817822e-05,6000,512,6512,9072,0.6813333630561829,0.95064377784729,218.07780474994797
20260521,1,8,basis_class_error,cifar10/w1/20260521/8,mc,2048,0,0.044921875,0.0394,0.003813076104984006,0.038625,True,0.0055218750000000025,3.0491103515625027e-05,0,2048,2048,2048,0.6813333630561829,0.95064377784729,218.07780474994797
20260521,1,8,basis_class_error,cifar10/w1/20260521/8,random_stratified,2048,0,0.029154262257334605,0.0394,0.003813076104984006,0.038625,True,0.010245737742665392,0.00010497514189147813,0,2048,2048,3072,0.6813333630561829,0.95064377784729,218.07780474994797
20260521,1,8,basis_class_error,cifar10/w1/20260521/8,output_active,2048,0,0.03430458607070494,0.0394,0.003813076104984006,0.038625,True,0.005095413929295058,2.59632431108541e-05,0,2048,2048,3072,0.6813333630561829,0.95064377784729,218.07780474994797
20260521,1,8,basis_class_error,cifar10/w1/20260521/8,ase_output,2048,0,0.0331712592293264,0.0394,0.003813076104984006,0.038625,True,0.006228740770673598,3.8797211588251526e-05,0,2048,2048,3072,0.6813333630561829,0.95064377784729,218.07780474994797
20260521,1,8,basis_class_error,cifar10/w1/20260521/8,sparse_internal,2048,0,0.03241364524976991,0.0394,0.003813076104984006,0.038625,True,0.0069863547502300866,4.880915269606249e-05,6000,2048,8048,9072,0.6813333630561829,0.95064377784729,218.07780474994797
20260521,1,8,basis_class_error,cifar10/w1/20260521/8,output_comp,2048,0,0.03531119017595368,0.0394,0.003813076104984006,0.038625,True,0.004088809824046316,1.6718365777217666e-05,6000,2048,8048,9072,0.6813333630561829,0.95064377784729,218.07780474994797
20260521,1,8,basis_class_error,cifar10/w1/20260521/8,input_concept_comp,2048,0,0.032708792303699497,0.0394,0.003813076104984006,0.038625,True,0.006691207696300501,4.4772260435031055e-05,6000,2048,8048,9072,0.6813333630561829,0.95064377784729,218.07780474994797
20260521,1,9,basis_class_error,cifar10/w1/20260521/9,mc,512,0,0.03125,0.0254,0.0030837994964653588,0.024125,True,0.005850000000000001,3.422250000000001e-05,0,512,512,512,0.6813333630561829,0.95064377784729,218.07780474994797
20260521,1,9,basis_class_error,cifar10/w1/20260521/9,random_stratified,512,0,0.01695712723810995,0.0254,0.0030837994964653588,0.024125,True,0.008442872761890048,7.128210047346489e-05,0,512,512,3072,0.6813333630561829,0.95064377784729,218.07780474994797
20260521,1,9,basis_class_error,cifar10/w1/20260521/9,output_active,512,0,0.029559705985085123,0.0254,0.0030837994964653588,0.024125,True,0.004159705985085124,1.7303153882353004e-05,0,512,512,3072,0.6813333630561829,0.95064377784729,218.07780474994797
20260521,1,9,basis_class_error,cifar10/w1/20260521/9,ase_output,512,0,0.018151149652298026,0.0254,0.0030837994964653588,0.024125,True,0.0072488503477019725,5.254583136337901e-05,0,512,512,3072,0.6813333630561829,0.95064377784729,218.07780474994797
20260521,1,9,basis_class_error,cifar10/w1/20260521/9,sparse_internal,512,0,0.024171449432363806,0.0254,0.0030837994964653588,0.024125,True,0.0012285505676361934,1.509336497239213e-06,6000,512,6512,9072,0.6813333630561829,0.95064377784729,218.07780474994797
20260521,1,9,basis_class_error,cifar10/w1/20260521/9,output_comp,512,0,0.020567353956372696,0.0254,0.0030837994964653588,0.024125,True,0.004832646043627303,2.3354467782986622e-05,6000,512,6512,9072,0.6813333630561829,0.95064377784729,218.07780474994797
20260521,1,9,basis_class_error,cifar10/w1/20260521/9,input_concept_comp,512,0,0.020214638498881575,0.0254,0.0030837994964653588,0.024125,True,0.005185361501118424,2.6887973897281114e-05,6000,512,6512,9072,0.6813333630561829,0.95064377784729,218.07780474994797
20260521,1,9,basis_class_error,cifar10/w1/20260521/9,mc,2048,0,0.02490234375,0.0254,0.0030837994964653588,0.024125,True,0.000497656249999999,2.4766174316406145e-07,0,2048,2048,2048,0.6813333630561829,0.95064377784729,218.07780474994797
20260521,1,9,basis_class_error,cifar10/w1/20260521/9,random_stratified,2048,0,0.02514316970534274,0.0254,0.0030837994964653588,0.024125,True,0.00025683029465725996,6.596180025373497e-08,0,2048,2048,3072,0.6813333630561829,0.95064377784729,218.07780474994797
20260521,1,9,basis_class_error,cifar10/w1/20260521/9,output_active,2048,0,0.024208826394482928,0.0254,0.0030837994964653588,0.024125,True,0.0011911736055170707,1.4188945584805381e-06,0,2048,2048,3072,0.6813333630561829,0.95064377784729,218.07780474994797
20260521,1,9,basis_class_error,cifar10/w1/20260521/9,ase_output,2048,0,0.0219759558752306,0.0254,0.0030837994964653588,0.024125,True,0.0034240441247693973,1.1724078168367827e-05,0,2048,2048,3072,0.6813333630561829,0.95064377784729,218.07780474994797
20260521,1,9,basis_class_error,cifar10/w1/20260521/9,sparse_internal,2048,0,0.023455891542648898,0.0254,0.0030837994964653588,0.024125,True,0.0019441084573511014,3.779557693944079e-06,6000,2048,8048,9072,0.6813333630561829,0.95064377784729,218.07780474994797
20260521,1,9,basis_class_error,cifar10/w1/20260521/9,output_comp,2048,0,0.024076036266488663,0.0254,0.0030837994964653588,0.024125,True,0.001323963733511336,1.7528799676532757e-06,6000,2048,8048,9072,0.6813333630561829,0.95064377784729,218.07780474994797
20260521,1,9,basis_class_error,cifar10/w1/20260521/9,input_concept_comp,2048,0,0.02318148965312393,0.0254,0.0030837994964653588,0.024125,True,0.0022185103468760695,4.921788159196178e-06,6000,2048,8048,9072,0.6813333630561829,0.95064377784729,218.07780474994797
20260521,1,10,random_basis_dnf,cifar10/w1/20260521/10,mc,512,0,0.00390625,0.0034,0.001140922043962689,0.00325,True,0.0005062500000000002,2.5628906250000017e-07,0,512,512,512,0.6813333630561829,0.95064377784729,218.07780474994797
20260521,1,10,random_basis_dnf,cifar10/w1/20260521/10,random_stratified,512,0,0.004761242475665984,0.0034,0.001140922043962689,0.00325,True,0.001361242475665984,1.852981077557257e-06,0,512,512,3072,0.6813333630561829,0.95064377784729,218.07780474994797
20260521,1,10,random_basis_dnf,cifar10/w1/20260521/10,output_active,512,0,0.005710565476190476,0.0034,0.001140922043962689,0.00325,True,0.002310565476190476,5.338712819763321e-06,0,512,512,3072,0.6813333630561829,0.95064377784729,218.07780474994797
20260521,1,10,random_basis_dnf,cifar10/w1/20260521/10,ase_output,512,0,0.007564076206140351,0.0034,0.001140922043962689,0.00325,True,0.0041640762061403505,1.7339530650544215e-05,0,512,512,3072,0.6813333630561829,0.95064377784729,218.07780474994797
20260521,1,10,random_basis_dnf,cifar10/w1/20260521/10,sparse_internal,512,0,0.004711029572239196,0.0034,0.001140922043962689,0.00325,True,0.0013110295722391966,1.7187985392856907e-06,6000,512,6512,9072,0.6813333630561829,0.95064377784729,218.07780474994797
20260521,1,10,random_basis_dnf,cifar10/w1/20260521/10,output_comp,512,0,0.0037390607284580497,0.0034,0.001140922043962689,0.00325,True,0.0003390607284580499,1.1496217758250347e-07,6000,512,6512,9072,0.6813333630561829,0.95064377784729,218.07780474994797
20260521,1,10,random_basis_dnf,cifar10/w1/20260521/10,input_concept_comp,512,0,0.007522119668360781,0.0034,0.001140922043962689,0.00325,True,0.00412211966836078,1.699187056028679e-05,6000,512,6512,9072,0.6813333630561829,0.95064377784729,218.07780474994797
20260521,1,10,random_basis_dnf,cifar10/w1/20260521/10,mc,2048,0,0.00341796875,0.0034,0.001140922043962689,0.00325,True,1.796875000000019e-05,3.228759765625068e-10,0,2048,2048,2048,0.6813333630561829,0.95064377784729,218.07780474994797
20260521,1,10,random_basis_dnf,cifar10/w1/20260521/10,random_stratified,2048,0,0.003785846897582685,0.0034,0.001140922043962689,0.00325,True,0.0003858468975826853,1.488778283741832e-07,0,2048,2048,3072,0.6813333630561829,0.95064377784729,218.07780474994797
20260521,1,10,random_basis_dnf,cifar10/w1/20260521/10,output_active,2048,0,0.005533854166666666,0.0034,0.001140922043962689,0.00325,True,0.0021338541666666663,4.5533336046006925e-06,0,2048,2048,3072,0.6813333630561829,0.95064377784729,218.07780474994797
20260521,1,10,random_basis_dnf,cifar10/w1/20260521/10,ase_output,2048,0,0.005529313638208647,0.0034,0.001140922043962689,0.00325,True,0.002129313638208647,4.533976569861344e-06,0,2048,2048,3072,0.6813333630561829,0.95064377784729,218.07780474994797
20260521,1,10,random_basis_dnf,cifar10/w1/20260521/10,sparse_internal,2048,0,0.005651542467948717,0.0034,0.001140922043962689,0.00325,True,0.002251542467948717,5.0694434849766e-06,6000,2048,8048,9072,0.6813333630561829,0.95064377784729,218.07780474994797
20260521,1,10,random_basis_dnf,cifar10/w1/20260521/10,output_comp,2048,0,0.005533854166666666,0.0034,0.001140922043962689,0.00325,True,0.0021338541666666663,4.5533336046006925e-06,6000,2048,8048,9072,0.6813333630561829,0.95064377784729,218.07780474994797
20260521,1,10,random_basis_dnf,cifar10/w1/20260521/10,input_concept_comp,2048,0,0.006475812266836715,0.0034,0.001140922043962689,0.00325,True,0.0030758122668367153,9.460621100823214e-06,6000,2048,8048,9072,0.6813333630561829,0.95064377784729,218.07780474994797
20260521,1,11,concept_class_error,cifar10/w1/20260521/11,mc,512,0,0.001953125,0.0038,0.001205927331807352,0.003,True,0.001846875,3.410947265625e-06,0,512,512,512,0.6813333630561829,0.95064377784729,218.07780474994797
20260521,1,11,concept_class_error,cifar10/w1/20260521/11,random_stratified,512,0,0.001638276980874317,0.0038,0.001205927331807352,0.003,True,0.0021617230191256828,4.673046411417857e-06,0,512,512,3072,0.6813333630561829,0.95064377784729,218.07780474994797
20260521,1,11,concept_class_error,cifar10/w1/20260521/11,output_active,512,0,0.0,0.0038,0.001205927331807352,0.003,True,0.0038,1.444e-05,0,512,512,3072,0.6813333630561829,0.95064377784729,218.07780474994797
20260521,1,11,concept_class_error,cifar10/w1/20260521/11,ase_output,512,0,0.004804899618838763,0.0038,0.001205927331807352,0.003,True,0.0010048996188387629,1.0098232439422909e-06,0,512,512,3072,0.6813333630561829,0.95064377784729,218.07780474994797
20260521,1,11,concept_class_error,cifar10/w1/20260521/11,sparse_internal,512,0,0.005196688295224045,0.0038,0.001205927331807352,0.003,True,0.0013966882952240454,1.95073819401585e-06,6000,512,6512,9072,0.6813333630561829,0.95064377784729,218.07780474994797
20260521,1,11,concept_class_error,cifar10/w1/20260521/11,output_comp,512,0,0.0017910885307648701,0.0038,0.001205927331807352,0.003,True,0.00200891146923513,4.035725291224448e-06,6000,512,6512,9072,0.6813333630561829,0.95064377784729,218.07780474994797
20260521,1,11,concept_class_error,cifar10/w1/20260521/11,input_concept_comp,512,0,0.0022414659175868414,0.0038,0.001205927331807352,0.003,True,0.0015585340824131586,2.4290284860434263e-06,6000,512,6512,9072,0.6813333630561829,0.95064377784729,218.07780474994797
20260521,1,11,concept_class_error,cifar10/w1/20260521/11,mc,2048,0,0.0029296875,0.0038,0.001205927331807352,0.003,True,0.0008703125,7.5744384765625e-07,0,2048,2048,2048,0.6813333630561829,0.95064377784729,218.07780474994797
20260521,1,11,concept_class_error,cifar10/w1/20260521/11,random_stratified,2048,0,0.0023917726548819593,0.0038,0.001205927331807352,0.003,True,0.0014082273451180407,1.983104255538205e-06,0,2048,2048,3072,0.6813333630561829,0.95064377784729,218.07780474994797
20260521,1,11,concept_class_error,cifar10/w1/20260521/11,output_active,2048,0,0.0032768451484821715,0.0038,0.001205927331807352,0.003,True,0.0005231548515178285,2.736909986666412e-07,0,2048,2048,3072,0.6813333630561829,0.95064377784729,218.07780474994797
20260521,1,11,concept_class_error,cifar10/w1/20260521/11,ase_output,2048,0,0.004951328921826759,0.0038,0.001205927331807352,0.003,True,0.0011513289218267587,1.3255582862347666e-06,0,2048,2048,3072,0.6813333630561829,0.95064377784729,218.07780474994797
20260521,1,11,concept_class_error,cifar10/w1/20260521/11,sparse_internal,2048,0,0.0025822037726845066,0.0038,0.001205927331807352,0.003,True,0.0012177962273154934,1.483027651263849e-06,6000,2048,8048,9072,0.6813333630561829,0.95064377784729,218.07780474994797
20260521,1,11,concept_class_error,cifar10/w1/20260521/11,output_comp,2048,0,0.0016276041666666665,0.0038,0.001205927331807352,0.003,True,0.0021723958333333335,4.719303656684029e-06,6000,2048,8048,9072,0.6813333630561829,0.95064377784729,218.07780474994797
20260521,1,11,concept_class_error,cifar10/w1/20260521/11,input_concept_comp,2048,0,0.0026041666666666665,0.0038,0.001205927331807352,0.003,True,0.0011958333333333335,1.4300173611111115e-06,6000,2048,8048,9072,0.6813333630561829,0.95064377784729,218.07780474994797
20260521,1,0,concept_confusion,cifar10/w1/20260521/0,mc,512,1,0.005859375,0.0039,0.0012216304377347512,0.004375,True,0.001959375,3.8391503906250005e-06,0,512,512,512,0.6813333630561829,0.95064377784729,218.07780474994797
20260521,1,0,concept_confusion,cifar10/w1/20260521/0,random_stratified,512,1,0.0022280092592592594,0.0039,0.0012216304377347512,0.004375,True,0.0016719907407407404,2.7955530371227696e-06,0,512,512,3072,0.6813333630561829,0.95064377784729,218.07780474994797
20260521,1,0,concept_confusion,cifar10/w1/20260521/0,output_active,512,1,0.002602471245659722,0.0039,0.0012216304377347512,0.004375,True,0.0012975287543402778,1.683580868339833e-06,0,512,512,3072,0.6813333630561829,0.95064377784729,218.07780474994797
20260521,1,0,concept_confusion,cifar10/w1/20260521/0,ase_output,512,1,0.0073234029083124475,0.0039,0.0012216304377347512,0.004375,True,0.0034234029083124477,1.1719687472642125e-05,0,512,512,3072,0.6813333630561829,0.95064377784729,218.07780474994797
20260521,1,0,concept_confusion,cifar10/w1/20260521/0,sparse_internal,512,1,0.0037349405513468015,0.0039,0.0012216304377347512,0.004375,True,0.0001650594486531983,2.724462158969781e-08,6000,512,6512,9072,0.6813333630561829,0.95064377784729,218.07780474994797
20260521,1,0,concept_confusion,cifar10/w1/20260521/0,output_comp,512,1,0.0029296874999999996,0.0039,0.0012216304377347512,0.004375,True,0.0009703125000000003,9.415063476562505e-07,6000,512,6512,9072,0.6813333630561829,0.95064377784729,218.07780474994797
20260521,1,0,concept_confusion,cifar10/w1/20260521/0,input_concept_comp,512,1,0.004268425957039028,0.0039,0.0012216304377347512,0.004375,True,0.00036842595703902824,1.357376858201239e-07,6000,512,6512,9072,0.6813333630561829,0.95064377784729,218.07780474994797
20260521,1,0,concept_confusion,cifar10/w1/20260521/0,mc,2048,1,0.00341796875,0.0039,0.0012216304377347512,0.004375,True,0.0004820312499999998,2.3235412597656233e-07,0,2048,2048,2048,0.6813333630561829,0.95064377784729,218.07780474994797
20260521,1,0,concept_confusion,cifar10/w1/20260521/0,random_stratified,2048,1,0.0035235070592929633,0.0039,0.0012216304377347512,0.004375,True,0.00037649294070703655,1.4174693440223213e-07,0,2048,2048,3072,0.6813333630561829,0.95064377784729,218.07780474994797
20260521,1,0,concept_confusion,cifar10/w1/20260521/0,output_active,2048,1,0.0029296874999999996,0.0039,0.0012216304377347512,0.004375,True,0.0009703125000000003,9.415063476562505e-07,0,2048,2048,3072,0.6813333630561829,0.95064377784729,218.07780474994797
20260521,1,0,concept_confusion,cifar10/w1/20260521/0,ase_output,2048,1,0.0029481120215354394,0.0039,0.0012216304377347512,0.004375,True,0.0009518879784645605,9.060907235453476e-07,0,2048,2048,3072,0.6813333630561829,0.95064377784729,218.07780474994797
20260521,1,0,concept_confusion,cifar10/w1/20260521/0,sparse_internal,2048,1,0.0029296875,0.0039,0.0012216304377347512,0.004375,True,0.0009703124999999998,9.415063476562496e-07,6000,2048,8048,9072,0.6813333630561829,0.95064377784729,218.07780474994797
20260521,1,0,concept_confusion,cifar10/w1/20260521/0,output_comp,2048,1,0.0029296874999999996,0.0039,0.0012216304377347512,0.004375,True,0.0009703125000000003,9.415063476562505e-07,6000,2048,8048,9072,0.6813333630561829,0.95064377784729,218.07780474994797
20260521,1,0,concept_confusion,cifar10/w1/20260521/0,input_concept_comp,2048,1,0.0030668282214506167,0.0039,0.0012216304377347512,0.004375,True,0.0008331717785493831,6.941752125711423e-07,6000,2048,8048,9072,0.6813333630561829,0.95064377784729,218.07780474994797
20260521,1,1,basis_class_error,cifar10/w1/20260521/1,mc,512,1,0.01171875,0.0192,0.002689657089221598,0.019,True,0.007481249999999998,5.596910156249997e-05,0,512,512,512,0.6813333630561829,0.95064377784729,218.07780474994797
20260521,1,1,basis_class_error,cifar10/w1/20260521/1,random_stratified,512,1,0.020952624505679758,0.0192,0.002689657089221598,0.019,True,0.0017526245056797597,3.0716926579092222e-06,0,512,512,3072,0.6813333630561829,0.95064377784729,218.07780474994797
20260521,1,1,basis_class_error,cifar10/w1/20260521/1,output_active,512,1,0.010986489835072135,0.0192,0.002689657089221598,0.019,True,0.008213510164927863,6.746174922937334e-05,0,512,512,3072,0.6813333630561829,0.95064377784729,218.07780474994797
20260521,1,1,basis_class_error,cifar10/w1/20260521/1,ase_output,512,1,0.020383026420089448,0.0192,0.002689657089221598,0.019,True,0.0011830264200894496,1.3995515106296589e-06,0,512,512,3072,0.6813333630561829,0.95064377784729,218.07780474994797
20260521,1,1,basis_class_error,cifar10/w1/20260521/1,sparse_internal,512,1,0.018444359808986295,0.0192,0.002689657089221598,0.019,True,0.0007556401910137032,5.709920982752259e-07,6000,512,6512,9072,0.6813333630561829,0.95064377784729,218.07780474994797
20260521,1,1,basis_class_error,cifar10/w1/20260521/1,output_comp,512,1,0.023521712064220657,0.0192,0.002689657089221598,0.019,True,0.004321712064220658,1.8677195166030385e-05,6000,512,6512,9072,0.6813333630561829,0.95064377784729,218.07780474994797
20260521,1,1,basis_class_error,cifar10/w1/20260521/1,input_concept_comp,512,1,0.031022877294260745,0.0192,0.002689657089221598,0.019,True,0.011822877294260747,0.00013978042751514632,6000,512,6512,9072,0.6813333630561829,0.95064377784729,218.07780474994797
20260521,1,1,basis_class_error,cifar10/w1/20260521/1,mc,2048,1,0.01416015625,0.0192,0.002689657089221598,0.019,True,0.005039843749999998,2.5400025024414047e-05,0,2048,2048,2048,0.6813333630561829,0.95064377784729,218.07780474994797
20260521,1,1,basis_class_error,cifar10/w1/20260521/1,random_stratified,2048,1,0.01791789885802868,0.0192,0.002689657089221598,0.019,True,0.0012821011419713174,1.6437833382441561e-06,0,2048,2048,3072,0.6813333630561829,0.95064377784729,218.07780474994797
20260521,1,1,basis_class_error,cifar10/w1/20260521/1,output_active,2048,1,0.016705652085983118,0.0192,0.002689657089221598,0.019,True,0.0024943479140168805,6.221771516160363e-06,0,2048,2048,3072,0.6813333630561829,0.95064377784729,218.07780474994797
20260521,1,1,basis_class_error,cifar10/w1/20260521/1,ase_output,2048,1,0.020560430012431838,0.0192,0.002689657089221598,0.019,True,0.0013604300124318396,1.8507698187252952e-06,0,2048,2048,3072,0.6813333630561829,0.95064377784729,218.07780474994797
20260521,1,1,basis_class_error,cifar10/w1/20260521/1,sparse_internal,2048,1,0.019495547968448358,0.0192,0.002689657089221598,0.019,True,0.00029554796844835987,8.734860165395272e-08,6000,2048,8048,9072,0.6813333630561829,0.95064377784729,218.07780474994797
20260521,1,1,basis_class_error,cifar10/w1/20260521/1,output_comp,2048,1,0.019174816329876013,0.0192,0.002689657089221598,0.019,True,2.518367012398562e-05,6.342172409137258e-10,6000,2048,8048,9072,0.6813333630561829,0.95064377784729,218.07780474994797
20260521,1,1,basis_class_error,cifar10/w1/20260521/1,input_concept_comp,2048,1,0.02166186442432968,0.0192,0.002689657089221598,0.019,True,0.00246186442432968,6.060776443780107e-06,6000,2048,8048,9072,0.6813333630561829,0.95064377784729,218.07780474994797
20260521,1,2,concept_class_error,cifar10/w1/20260521/2,mc,512,1,0.0,0.0045,0.0013118463172185986,0.004,True,0.0045,2.0249999999999998e-05,0,512,512,512,0.6813333630561829,0.95064377784729,218.07780474994797
20260521,1,2,concept_class_error,cifar10/w1/20260521/2,random_stratified,512,1,0.007695733458313881,0.0045,0.0013118463172185986,0.004,True,0.0031957334583138817,1.0212712336586803e-05,0,512,512,3072,0.6813333630561829,0.95064377784729,218.07780474994797
20260521,1,2,concept_class_error,cifar10/w1/20260521/2,output_active,512,1,0.004904956138777268,0.0045,0.0013118463172185986,0.004,True,0.00040495613877726804,1.6398947433339397e-07,0,512,512,3072,0.6813333630561829,0.95064377784729,218.07780474994797
20260521,1,2,concept_class_error,cifar10/w1/20260521/2,ase_output,512,1,0.007564076206140351,0.0045,0.0013118463172185986,0.004,True,0.003064076206140351,9.388562997035448e-06,0,512,512,3072,0.6813333630561829,0.95064377784729,218.07780474994797
20260521,1,2,concept_class_error,cifar10/w1/20260521/2,sparse_internal,512,1,0.0014483318236714975,0.0045,0.0013118463172185986,0.004,True,0.003051668176328502,9.312678658416126e-06,6000,512,6512,9072,0.6813333630561829,0.95064377784729,218.07780474994797
20260521,1,2,concept_class_error,cifar10/w1/20260521/2,output_comp,512,1,0.008099995890158425,0.0045,0.0013118463172185986,0.004,True,0.003599995890158425,1.2959970409157552e-05,6000,512,6512,9072,0.6813333630561829,0.95064377784729,218.07780474994797
20260521,1,2,concept_class_error,cifar10/w1/20260521/2,input_concept_comp,512,1,0.004417353177345909,0.0045,0.0013118463172185986,0.004,True,8.264682265409027e-05,6.830497294816648e-09,6000,512,6512,9072,0.6813333630561829,0.95064377784729,218.07780474994797
20260521,1,2,concept_class_error,cifar10/w1/20260521/2,mc,2048,1,0.00390625,0.0045,0.0013118463172185986,0.004,True,0.0005937499999999997,3.525390624999996e-07,0,2048,2048,2048,0.6813333630561829,0.95064377784729,218.07780474994797
20260521,1,2,concept_class_error,cifar10/w1/20260521/2,random_stratified,2048,1,0.008472654765354772,0.0045,0.0013118463172185986,0.004,True,0.0039726547653547726,1.5781985884695984e-05,0,2048,2048,3072,0.6813333630561829,0.95064377784729,218.07780474994797
20260521,1,2,concept_class_error,cifar10/w1/20260521/2,output_active,2048,1,0.006183635805017532,0.0045,0.0013118463172185986,0.004,True,0.001683635805017532,2.8346295239370327e-06,0,2048,2048,3072,0.6813333630561829,0.95064377784729,218.07780474994797
20260521,1,2,concept_class_error,cifar10/w1/20260521/2,ase_output,2048,1,0.006687589916821168,0.0045,0.0013118463172185986,0.004,True,0.0021875899168211687,4.785549644177648e-06,0,2048,2048,3072,0.6813333630561829,0.95064377784729,218.07780474994797
20260521,1,2,concept_class_error,cifar10/w1/20260521/2,sparse_internal,2048,1,0.006427051575203252,0.0045,0.0013118463172185986,0.004,True,0.0019270515752032522,3.7135277734933352e-06,6000,2048,8048,9072,0.6813333630561829,0.95064377784729,218.07780474994797
20260521,1,2,concept_class_error,cifar10/w1/20260521/2,output_comp,2048,1,0.006459177276234567,0.0045,0.0013118463172185986,0.004,True,0.0019591772762345677,3.838375599713899e-06,6000,2048,8048,9072,0.6813333630561829,0.95064377784729,218.07780474994797
20260521,1,2,concept_class_error,cifar10/w1/20260521/2,input_concept_comp,2048,1,0.006510416666666666,0.0045,0.0013118463172185986,0.004,True,0.0020104166666666664,4.04177517361111e-06,6000,2048,8048,9072,0.6813333630561829,0.95064377784729,218.07780474994797
20260521,1,3,concept_class_error,cifar10/w1/20260521/3,mc,512,1,0.0078125,0.013,0.002220170479940673,0.0125,True,0.005187499999999999,2.6910156249999994e-05,0,512,512,512,0.6813333630561829,0.95064377784729,218.07780474994797
20260521,1,3,concept_class_error,cifar10/w1/20260521/3,random_stratified,512,1,0.009849547600233172,0.013,0.002220170479940673,0.0125,True,0.003150452399766827,9.92535032319656e-06,0,512,512,3072,0.6813333630561829,0.95064377784729,218.07780474994797
20260521,1,3,concept_class_error,cifar10/w1/20260521/3,output_active,512,1,0.014315799933961868,0.013,0.002220170479940673,0.0125,True,0.001315799933961869,1.731329466214059e-06,0,512,512,3072,0.6813333630561829,0.95064377784729,218.07780474994797
20260521,1,3,concept_class_error,cifar10/w1/20260521/3,ase_output,512,1,0.02388164254215401,0.013,0.002220170479940673,0.0125,True,0.010881642542154011,0.00011841014441521602,0,512,512,3072,0.6813333630561829,0.95064377784729,218.07780474994797
20260521,1,3,concept_class_error,cifar10/w1/20260521/3,sparse_internal,512,1,0.017176846937577307,0.013,0.002220170479940673,0.0125,True,0.004176846937577307,1.744605033994893e-05,6000,512,6512,9072,0.6813333630561829,0.95064377784729,218.07780474994797
20260521,1,3,concept_class_error,cifar10/w1/20260521/3,output_comp,512,1,0.011882329071601416,0.013,0.002220170479940673,0.0125,True,0.0011176709283985831,1.2491883041873507e-06,6000,512,6512,9072,0.6813333630561829,0.95064377784729,218.07780474994797
20260521,1,3,concept_class_error,cifar10/w1/20260521/3,input_concept_comp,512,1,0.014245908533017906,0.013,0.002220170479940673,0.0125,True,0.0012459085330179063,1.5522880726468313e-06,6000,512,6512,9072,0.6813333630561829,0.95064377784729,218.07780474994797
20260521,1,3,concept_class_error,cifar10/w1/20260521/3,mc,2048,1,0.01123046875,0.013,0.002220170479940673,0.0125,True,0.0017695312499999994,3.1312408447265604e-06,0,2048,2048,2048,0.6813333630561829,0.95064377784729,218.07780474994797
20260521,1,3,concept_class_error,cifar10/w1/20260521/3,random_stratified,2048,1,0.01590035527085428,0.013,0.002220170479940673,0.0125,True,0.002900355270854282,8.412060697172215e-06,0,2048,2048,3072,0.6813333630561829,0.95064377784729,218.07780474994797
20260521,1,3,concept_class_error,cifar10/w1/20260521/3,output_active,2048,1,0.012888573800464102,0.013,0.002220170479940673,0.0125,True,0.00011142619953589776,1.2415797943013701e-08,0,2048,2048,3072,0.6813333630561829,0.95064377784729,218.07780474994797
20260521,1,3,concept_class_error,cifar10/w1/20260521/3,ase_output,2048,1,0.015206218370712468,0.013,0.002220170479940673,0.0125,True,0.0022062183707124688,4.8673994992691805e-06,0,2048,2048,3072,0.6813333630561829,0.95064377784729,218.07780474994797
20260521,1,3,concept_class_error,cifar10/w1/20260521/3,sparse_internal,2048,1,0.01346856439193646,0.013,0.002220170479940673,0.0125,True,0.00046856439193646016,2.1955258939078466e-07,6000,2048,8048,9072,0.6813333630561829,0.95064377784729,218.07780474994797
20260521,1,3,concept_class_error,cifar10/w1/20260521/3,output_comp,2048,1,0.014054222929232273,0.013,0.002220170479940673,0.0125,True,0.0010542229292322732,1.1113859845190745e-06,6000,2048,8048,9072,0.6813333630561829,0.95064377784729,218.07780474994797
20260521,1,3,concept_class_error,cifar10/w1/20260521/3,input_concept_comp,2048,1,0.012717233094837261,0.013,0.002220170479940673,0.0125,True,0.00028276690516273843,7.995712265531311e-08,6000,2048,8048,9072,0.6813333630561829,0.95064377784729,218.07780474994797
20260521,1,4,basis_class_error,cifar10/w1/20260521/4,mc,512,1,0.021484375,0.0204,0.0027707385250867684,0.020625,True,0.0010843749999999985,1.1758691406249967e-06,0,512,512,512,0.6813333630561829,0.95064377784729,218.07780474994797
20260521,1,4,basis_class_error,cifar10/w1/20260521/4,random_stratified,512,1,0.026637573518374428,0.0204,0.0027707385250867684,0.020625,True,0.0062375735183744264,3.8907323397125924e-05,0,512,512,3072,0.6813333630561829,0.95064377784729,218.07780474994797
20260521,1,4,basis_class_error,cifar10/w1/20260521/4,output_active,512,1,0.028547897477282445,0.0204,0.0027707385250867684,0.020625,True,0.008147897477282444,6.638823330030562e-05,0,512,512,3072,0.6813333630561829,0.95064377784729,218.07780474994797
20260521,1,4,basis_class_error,cifar10/w1/20260521/4,ase_output,512,1,0.019370267097632586,0.0204,0.0027707385250867684,0.020625,True,0.0010297329023674154,1.060349850218021e-06,0,512,512,3072,0.6813333630561829,0.95064377784729,218.07780474994797
20260521,1,4,basis_class_error,cifar10/w1/20260521/4,sparse_internal,512,1,0.0219919491183,0.0204,0.0027707385250867684,0.020625,True,0.001591949118299997,2.534301995256138e-06,6000,512,6512,9072,0.6813333630561829,0.95064377784729,218.07780474994797
20260521,1,4,basis_class_error,cifar10/w1/20260521/4,output_comp,512,1,0.023209692721194136,0.0204,0.0027707385250867684,0.020625,True,0.0028096927211941347,7.894373187531302e-06,6000,512,6512,9072,0.6813333630561829,0.95064377784729,218.07780474994797
20260521,1,4,basis_class_error,cifar10/w1/20260521/4,input_concept_comp,512,1,0.012278572691142846,0.0204,0.0027707385250867684,0.020625,True,0.008121427308857156,6.595758153305078e-05,6000,512,6512,9072,0.6813333630561829,0.95064377784729,218.07780474994797
20260521,1,4,basis_class_error,cifar10/w1/20260521/4,mc,2048,1,0.01611328125,0.0204,0.0027707385250867684,0.020625,True,0.0042867187500000015,1.8375957641601576e-05,0,2048,2048,2048,0.6813333630561829,0.95064377784729,218.07780474994797
20260521,1,4,basis_class_error,cifar10/w1/20260521/4,random_stratified,2048,1,0.025577830232255752,0.0204,0.0027707385250867684,0.020625,True,0.005177830232255751,2.680992591406164e-05,0,2048,2048,3072,0.6813333630561829,0.95064377784729,218.07780474994797
20260521,1,4,basis_class_error,cifar10/w1/20260521/4,output_active,2048,1,0.023515064318844016,0.0204,0.0027707385250867684,0.020625,True,0.0031150643188440144,9.703625710535124e-06,0,2048,2048,3072,0.6813333630561829,0.95064377784729,218.07780474994797
20260521,1,4,basis_class_error,cifar10/w1/20260521/4,ase_output,2048,1,0.022402497435598606,0.0204,0.0027707385250867684,0.020625,True,0.0020024974355986047,4.009995979578988e-06,0,2048,2048,3072,0.6813333630561829,0.95064377784729,218.07780474994797
20260521,1,4,basis_class_error,cifar10/w1/20260521/4,sparse_internal,2048,1,0.022328838288522283,0.0204,0.0027707385250867684,0.020625,True,0.0019288382885222811,3.7204171432695628e-06,6000,2048,8048,9072,0.6813333630561829,0.95064377784729,218.07780474994797
20260521,1,4,basis_class_error,cifar10/w1/20260521/4,output_comp,2048,1,0.021196879467933003,0.0204,0.0027707385250867684,0.020625,True,0.0007968794679330017,6.35016886413184e-07,6000,2048,8048,9072,0.6813333630561829,0.95064377784729,218.07780474994797
20260521,1,4,basis_class_error,cifar10/w1/20260521/4,input_concept_comp,2048,1,0.019565366513695674,0.0204,0.0027707385250867684,0.020625,True,0.000834633486304328,6.966130564605168e-07,6000,2048,8048,9072,0.6813333630561829,0.95064377784729,218.07780474994797
20260521,1,5,basis_confusion,cifar10/w1/20260521/5,mc,512,1,0.005859375,0.0043,0.0012824916692127089,0.00475,True,0.001559375,2.431650390625e-06,0,512,512,512,0.6813333630561829,0.95064377784729,218.07780474994797
20260521,1,5,basis_confusion,cifar10/w1/20260521/5,random_stratified,512,1,0.012255010401142574,0.0043,0.0012824916692127089,0.00475,True,0.007955010401142574,6.328219048228654e-05,0,512,512,3072,0.6813333630561829,0.95064377784729,218.07780474994797
20260521,1,5,basis_confusion,cifar10/w1/20260521/5,output_active,512,1,0.0050987191751700675,0.0043,0.0012824916692127089,0.00475,True,0.0007987191751700675,6.37952320784353e-07,0,512,512,3072,0.6813333630561829,0.95064377784729,218.07780474994797
20260521,1,5,basis_confusion,cifar10/w1/20260521/5,ase_output,512,1,0.007572642543859648,0.0043,0.0012824916692127089,0.00475,True,0.0032726425438596484,1.071018921988015e-05,0,512,512,3072,0.6813333630561829,0.95064377784729,218.07780474994797
20260521,1,5,basis_confusion,cifar10/w1/20260521/5,sparse_internal,512,1,0.005223565505709707,0.0043,0.0012824916692127089,0.00475,True,0.0009235655057097071,8.529732433368269e-07,6000,512,6512,9072,0.6813333630561829,0.95064377784729,218.07780474994797
20260521,1,5,basis_confusion,cifar10/w1/20260521/5,output_comp,512,1,0.0048828125,0.0043,0.0012824916692127089,0.00475,True,0.0005828125,3.3967041015624997e-07,6000,512,6512,9072,0.6813333630561829,0.95064377784729,218.07780474994797
20260521,1,5,basis_confusion,cifar10/w1/20260521/5,input_concept_comp,512,1,0.003980004218261936,0.0043,0.0012824916692127089,0.00475,True,0.00031999578173806404,1.0239730033015472e-07,6000,512,6512,9072,0.6813333630561829,0.95064377784729,218.07780474994797
20260521,1,5,basis_confusion,cifar10/w1/20260521/5,mc,2048,1,0.0048828125,0.0043,0.0012824916692127089,0.00475,True,0.0005828125,3.3967041015624997e-07,0,2048,2048,2048,0.6813333630561829,0.95064377784729,218.07780474994797
20260521,1,5,basis_confusion,cifar10/w1/20260521/5,random_stratified,2048,1,0.006207282650596769,0.0043,0.0012824916692127089,0.00475,True,0.001907282650596769,3.6377271092674366e-06,0,2048,2048,3072,0.6813333630561829,0.95064377784729,218.07780474994797
20260521,1,5,basis_confusion,cifar10/w1/20260521/5,output_active,2048,1,0.0048828125,0.0043,0.0012824916692127089,0.00475,True,0.0005828125,3.3967041015624997e-07,0,2048,2048,3072,0.6813333630561829,0.95064377784729,218.07780474994797
20260521,1,5,basis_confusion,cifar10/w1/20260521/5,ase_output,2048,1,0.00497432642074663,0.0043,0.0012824916692127089,0.00475,True,0.0006743264207466296,4.547161217169606e-07,0,2048,2048,3072,0.6813333630561829,0.95064377784729,218.07780474994797
20260521,1,5,basis_confusion,cifar10/w1/20260521/5,sparse_internal,2048,1,0.005034460759705489,0.0043,0.0012824916692127089,0.00475,True,0.0007344607597054888,5.394326075471637e-07,6000,2048,8048,9072,0.6813333630561829,0.95064377784729,218.07780474994797
20260521,1,5,basis_confusion,cifar10/w1/20260521/5,output_comp,2048,1,0.0048828125,0.0043,0.0012824916692127089,0.00475,True,0.0005828125,3.3967041015624997e-07,6000,2048,8048,9072,0.6813333630561829,0.95064377784729,218.07780474994797
20260521,1,5,basis_confusion,cifar10/w1/20260521/5,input_concept_comp,2048,1,0.004735883097923714,0.0043,0.0012824916692127089,0.00475,True,0.00043588309792371403,1.8999407505557408e-07,6000,2048,8048,9072,0.6813333630561829,0.95064377784729,218.07780474994797
20260521,1,6,concept_class_error,cifar10/w1/20260521/6,mc,512,1,0.0078125,0.0035,0.0011575206434444269,0.003625,True,0.0043125,1.8597656250000002e-05,0,512,512,512,0.6813333630561829,0.95064377784729,218.07780474994797
20260521,1,6,concept_class_error,cifar10/w1/20260521/6,random_stratified,512,1,0.0037450535132120795,0.0035,0.0011575206434444269,0.003625,True,0.00024505351321207946,6.00512243375828e-08,0,512,512,3072,0.6813333630561829,0.95064377784729,218.07780474994797
20260521,1,6,concept_class_error,cifar10/w1/20260521/6,output_active,512,1,0.0033092836332329865,0.0035,0.0011575206434444269,0.003625,True,0.00019071636676701352,3.637273255281002e-08,0,512,512,3072,0.6813333630561829,0.95064377784729,218.07780474994797
20260521,1,6,concept_class_error,cifar10/w1/20260521/6,ase_output,512,1,0.002913086827936971,0.0035,0.0011575206434444269,0.003625,True,0.0005869131720630289,3.4446707154108653e-07,0,512,512,3072,0.6813333630561829,0.95064377784729,218.07780474994797
20260521,1,6,concept_class_error,cifar10/w1/20260521/6,sparse_internal,512,1,0.00247131949017169,0.0035,0.0011575206434444269,0.003625,True,0.00102868050982831,1.0581835913006317e-06,6000,512,6512,9072,0.6813333630561829,0.95064377784729,218.07780474994797
20260521,1,6,concept_class_error,cifar10/w1/20260521/6,output_comp,512,1,0.0014696308210784314,0.0035,0.0011575206434444269,0.003625,True,0.0020303691789215687,4.122399002714645e-06,6000,512,6512,9072,0.6813333630561829,0.95064377784729,218.07780474994797
20260521,1,6,concept_class_error,cifar10/w1/20260521/6,input_concept_comp,512,1,0.0020642922498391248,0.0035,0.0011575206434444269,0.003625,True,0.0014357077501608753,2.061256743872002e-06,6000,512,6512,9072,0.6813333630561829,0.95064377784729,218.07780474994797
20260521,1,6,concept_class_error,cifar10/w1/20260521/6,mc,2048,1,0.00439453125,0.0035,0.0011575206434444269,0.003625,True,0.0008945312499999999,8.001861572265624e-07,0,2048,2048,2048,0.6813333630561829,0.95064377784729,218.07780474994797
20260521,1,6,concept_class_error,cifar10/w1/20260521/6,random_stratified,2048,1,0.0026466869420876823,0.0035,0.0011575206434444269,0.003625,True,0.0008533130579123178,7.281431748036707e-07,0,2048,2048,3072,0.6813333630561829,0.95064377784729,218.07780474994797
20260521,1,6,concept_class_error,cifar10/w1/20260521/6,output_active,2048,1,0.0015047251776744437,0.0035,0.0011575206434444269,0.003625,True,0.0019952748223255566,3.981121616606281e-06,0,2048,2048,3072,0.6813333630561829,0.95064377784729,218.07780474994797
20260521,1,6,concept_class_error,cifar10/w1/20260521/6,ase_output,2048,1,0.001633986928104575,0.0035,0.0011575206434444269,0.003625,True,0.001866013071895425,3.482004784484601e-06,0,2048,2048,3072,0.6813333630561829,0.95064377784729,218.07780474994797
20260521,1,6,concept_class_error,cifar10/w1/20260521/6,sparse_internal,2048,1,0.0010198051199261991,0.0035,0.0011575206434444269,0.003625,True,0.002480194880073801,6.151366643144296e-06,6000,2048,8048,9072,0.6813333630561829,0.95064377784729,218.07780474994797
20260521,1,6,concept_class_error,cifar10/w1/20260521/6,output_comp,2048,1,0.0010549726277372263,0.0035,0.0011575206434444269,0.003625,True,0.0024450273722627738,5.978158851114204e-06,6000,2048,8048,9072,0.6813333630561829,0.95064377784729,218.07780474994797
20260521,1,6,concept_class_error,cifar10/w1/20260521/6,input_concept_comp,2048,1,0.0019705441750278705,0.0035,0.0011575206434444269,0.003625,True,0.0015294558249721295,2.3392351205411773e-06,6000,2048,8048,9072,0.6813333630561829,0.95064377784729,218.07780474994797
20260521,1,7,concept_confusion,cifar10/w1/20260521/7,mc,512,1,0.001953125,0.0013,0.0007062285533734812,0.001125,True,0.0006531250000000001,4.265722656250001e-07,0,512,512,512,0.6813333630561829,0.95064377784729,218.07780474994797
20260521,1,7,concept_confusion,cifar10/w1/20260521/7,random_stratified,512,1,0.003996572381422925,0.0013,0.0007062285533734812,0.001125,True,0.002696572381422925,7.2715026082529045e-06,0,512,512,3072,0.6813333630561829,0.95064377784729,218.07780474994797
20260521,1,7,concept_confusion,cifar10/w1/20260521/7,output_active,512,1,0.00116203367248062,0.0013,0.0007062285533734812,0.001125,True,0.0001379663275193799,1.90347075291848e-08,0,512,512,3072,0.6813333630561829,0.95064377784729,218.07780474994797
20260521,1,7,concept_confusion,cifar10/w1/20260521/7,ase_output,512,1,0.0,0.0013,0.0007062285533734812,0.001125,True,0.0013,1.69e-06,0,512,512,3072,0.6813333630561829,0.95064377784729,218.07780474994797
20260521,1,7,concept_confusion,cifar10/w1/20260521/7,sparse_internal,512,1,0.0,0.0013,0.0007062285533734812,0.001125,True,0.0013,1.69e-06,6000,512,6512,9072,0.6813333630561829,0.95064377784729,218.07780474994797
20260521,1,7,concept_confusion,cifar10/w1/20260521/7,output_comp,512,1,0.000989454414191419,0.0013,0.0007062285533734812,0.001125,True,0.00031054558580858086,9.643856086519466e-08,6000,512,6512,9072,0.6813333630561829,0.95064377784729,218.07780474994797
20260521,1,7,concept_confusion,cifar10/w1/20260521/7,input_concept_comp,512,1,0.0009126474505327245,0.0013,0.0007062285533734812,0.001125,True,0.0003873525494672755,1.500419975787981e-07,6000,512,6512,9072,0.6813333630561829,0.95064377784729,218.07780474994797
20260521,1,7,concept_confusion,cifar10/w1/20260521/7,mc,2048,1,0.0009765625,0.0013,0.0007062285533734812,0.001125,True,0.00032343749999999994,1.0461181640624996e-07,0,2048,2048,2048,0.6813333630561829,0.95064377784729,218.07780474994797
20260521,1,7,concept_confusion,cifar10/w1/20260521/7,random_stratified,2048,1,0.001393058959694989,0.0013,0.0007062285533734812,0.001125,True,9.305895969498909e-05,8.659969979513603e-09,0,2048,2048,3072,0.6813333630561829,0.95064377784729,218.07780474994797
20260521,1,7,concept_confusion,cifar10/w1/20260521/7,output_active,2048,1,0.0009765624999999999,0.0013,0.0007062285533734812,0.001125,True,0.00032343750000000005,1.0461181640625003e-07,0,2048,2048,3072,0.6813333630561829,0.95064377784729,218.07780474994797
20260521,1,7,concept_confusion,cifar10/w1/20260521/7,ase_output,2048,1,0.0005241090146750524,0.0013,0.0007062285533734812,0.001125,True,0.0007758909853249475,6.020068211085179e-07,0,2048,2048,3072,0.6813333630561829,0.95064377784729,218.07780474994797
20260521,1,7,concept_confusion,cifar10/w1/20260521/7,sparse_internal,2048,1,0.0009765625,0.0013,0.0007062285533734812,0.001125,True,0.00032343749999999994,1.0461181640624996e-07,6000,2048,8048,9072,0.6813333630561829,0.95064377784729,218.07780474994797
20260521,1,7,concept_confusion,cifar10/w1/20260521/7,output_comp,2048,1,0.0009765624999999999,0.0013,0.0007062285533734812,0.001125,True,0.00032343750000000005,1.0461181640625003e-07,6000,2048,8048,9072,0.6813333630561829,0.95064377784729,218.07780474994797
20260521,1,7,concept_confusion,cifar10/w1/20260521/7,input_concept_comp,2048,1,0.0009765625,0.0013,0.0007062285533734812,0.001125,True,0.00032343749999999994,1.0461181640624996e-07,6000,2048,8048,9072,0.6813333630561829,0.95064377784729,218.07780474994797
20260521,1,8,basis_class_error,cifar10/w1/20260521/8,mc,512,1,0.046875,0.0394,0.003813076104984006,0.038625,True,0.0074750000000000025,5.587562500000004e-05,0,512,512,512,0.6813333630561829,0.95064377784729,218.07780474994797
20260521,1,8,basis_class_error,cifar10/w1/20260521/8,random_stratified,512,1,0.05374503774905885,0.0394,0.003813076104984006,0.038625,True,0.014345037749058855,0.00020578010802192352,0,512,512,3072,0.6813333630561829,0.95064377784729,218.07780474994797
20260521,1,8,basis_class_error,cifar10/w1/20260521/8,output_active,512,1,0.04008179579249117,0.0394,0.003813076104984006,0.038625,True,0.0006817957924911758,4.648455026586704e-07,0,512,512,3072,0.6813333630561829,0.95064377784729,218.07780474994797
20260521,1,8,basis_class_error,cifar10/w1/20260521/8,ase_output,512,1,0.033312335485722794,0.0394,0.003813076104984006,0.038625,True,0.006087664514277204,3.70596592383899e-05,0,512,512,3072,0.6813333630561829,0.95064377784729,218.07780474994797
20260521,1,8,basis_class_error,cifar10/w1/20260521/8,sparse_internal,512,1,0.03546629875602282,0.0394,0.003813076104984006,0.038625,True,0.0039337012439771765,1.5474005476867587e-05,6000,512,6512,9072,0.6813333630561829,0.95064377784729,218.07780474994797
20260521,1,8,basis_class_error,cifar10/w1/20260521/8,output_comp,512,1,0.03730557099556976,0.0394,0.003813076104984006,0.038625,True,0.0020944290044302358,4.386632854598628e-06,6000,512,6512,9072,0.6813333630561829,0.95064377784729,218.07780474994797
20260521,1,8,basis_class_error,cifar10/w1/20260521/8,input_concept_comp,512,1,0.048968230274695254,0.0394,0.003813076104984006,0.038625,True,0.009568230274695257,9.155103058959487e-05,6000,512,6512,9072,0.6813333630561829,0.95064377784729,218.07780474994797
20260521,1,8,basis_class_error,cifar10/w1/20260521/8,mc,2048,1,0.041015625,0.0394,0.003813076104984006,0.038625,True,0.0016156250000000025,2.610244140625008e-06,0,2048,2048,2048,0.6813333630561829,0.95064377784729,218.07780474994797
20260521,1,8,basis_class_error,cifar10/w1/20260521/8,random_stratified,2048,1,0.04509070608875585,0.0394,0.003813076104984006,0.038625,True,0.005690706088755854,3.2384135788602944e-05,0,2048,2048,3072,0.6813333630561829,0.95064377784729,218.07780474994797
20260521,1,8,basis_class_error,cifar10/w1/20260521/8,output_active,2048,1,0.04115640557896523,0.0394,0.003813076104984006,0.038625,True,0.0017564055789652325,3.0849605578201935e-06,0,2048,2048,3072,0.6813333630561829,0.95064377784729,218.07780474994797
20260521,1,8,basis_class_error,cifar10/w1/20260521/8,ase_output,2048,1,0.03664498727188828,0.0394,0.003813076104984006,0.038625,True,0.002755012728111718,7.59009513205757e-06,0,2048,2048,3072,0.6813333630561829,0.95064377784729,218.07780474994797
20260521,1,8,basis_class_error,cifar10/w1/20260521/8,sparse_internal,2048,1,0.04232967173226157,0.0394,0.003813076104984006,0.038625,True,0.0029296717322615726,8.582976458812523e-06,6000,2048,8048,9072,0.6813333630561829,0.95064377784729,218.07780474994797
20260521,1,8,basis_class_error,cifar10/w1/20260521/8,output_comp,2048,1,0.0385358256951199,0.0394,0.003813076104984006,0.038625,True,0.0008641743048800957,7.467972292149965e-07,6000,2048,8048,9072,0.6813333630561829,0.95064377784729,218.07780474994797
20260521,1,8,basis_class_error,cifar10/w1/20260521/8,input_concept_comp,2048,1,0.04138590490339569,0.0394,0.003813076104984006,0.038625,True,0.001985904903395695,3.943818285331066e-06,6000,2048,8048,9072,0.6813333630561829,0.95064377784729,218.07780474994797
20260521,1,9,basis_class_error,cifar10/w1/20260521/9,mc,512,1,0.03125,0.0254,0.0030837994964653588,0.024125,True,0.005850000000000001,3.422250000000001e-05,0,512,512,512,0.6813333630561829,0.95064377784729,218.07780474994797
20260521,1,9,basis_class_error,cifar10/w1/20260521/9,random_stratified,512,1,0.020042325205793847,0.0254,0.0030837994964653588,0.024125,True,0.005357674794206152,2.8704679200471932e-05,0,512,512,3072,0.6813333630561829,0.95064377784729,218.07780474994797
20260521,1,9,basis_class_error,cifar10/w1/20260521/9,output_active,512,1,0.02444836605600987,0.0254,0.0030837994964653588,0.024125,True,0.0009516339439901295,9.056071633542088e-07,0,512,512,3072,0.6813333630561829,0.95064377784729,218.07780474994797
20260521,1,9,basis_class_error,cifar10/w1/20260521/9,ase_output,512,1,0.019690707784772693,0.0254,0.0030837994964653588,0.024125,True,0.005709292215227306,3.259601759885512e-05,0,512,512,3072,0.6813333630561829,0.95064377784729,218.07780474994797
20260521,1,9,basis_class_error,cifar10/w1/20260521/9,sparse_internal,512,1,0.028662699423446368,0.0254,0.0030837994964653588,0.024125,True,0.003262699423446369,1.064520752775727e-05,6000,512,6512,9072,0.6813333630561829,0.95064377784729,218.07780474994797
20260521,1,9,basis_class_error,cifar10/w1/20260521/9,output_comp,512,1,0.027417788709195097,0.0254,0.0030837994964653588,0.024125,True,0.002017788709195098,4.07147127495522e-06,6000,512,6512,9072,0.6813333630561829,0.95064377784729,218.07780474994797
20260521,1,9,basis_class_error,cifar10/w1/20260521/9,input_concept_comp,512,1,0.030192347784670438,0.0254,0.0030837994964653588,0.024125,True,0.004792347784670439,2.296659728923566e-05,6000,512,6512,9072,0.6813333630561829,0.95064377784729,218.07780474994797
20260521,1,9,basis_class_error,cifar10/w1/20260521/9,mc,2048,1,0.0263671875,0.0254,0.0030837994964653588,0.024125,True,0.000967187500000001,9.35451660156252e-07,0,2048,2048,2048,0.6813333630561829,0.95064377784729,218.07780474994797
20260521,1,9,basis_class_error,cifar10/w1/20260521/9,random_stratified,2048,1,0.023256487866977794,0.0254,0.0030837994964653588,0.024125,True,0.0021435121330222046,4.594644264413401e-06,0,2048,2048,3072,0.6813333630561829,0.95064377784729,218.07780474994797
20260521,1,9,basis_class_error,cifar10/w1/20260521/9,output_active,2048,1,0.024217505024619612,0.0254,0.0030837994964653588,0.024125,True,0.0011824949753803868,1.3982943667998616e-06,0,2048,2048,3072,0.6813333630561829,0.95064377784729,218.07780474994797
20260521,1,9,basis_class_error,cifar10/w1/20260521/9,ase_output,2048,1,0.02563540344986609,0.0254,0.0030837994964653588,0.024125,True,0.0002354034498660909,5.5414784208857176e-08,0,2048,2048,3072,0.6813333630561829,0.95064377784729,218.07780474994797
20260521,1,9,basis_class_error,cifar10/w1/20260521/9,sparse_internal,2048,1,0.026220537387681715,0.0254,0.0030837994964653588,0.024125,True,0.0008205373876817162,6.732816045835351e-07,6000,2048,8048,9072,0.6813333630561829,0.95064377784729,218.07780474994797
20260521,1,9,basis_class_error,cifar10/w1/20260521/9,output_comp,2048,1,0.026596443682460245,0.0254,0.0030837994964653588,0.024125,True,0.0011964436824602465,1.431477485299035e-06,6000,2048,8048,9072,0.6813333630561829,0.95064377784729,218.07780474994797
20260521,1,9,basis_class_error,cifar10/w1/20260521/9,input_concept_comp,2048,1,0.024348518608255928,0.0254,0.0030837994964653588,0.024125,True,0.0010514813917440712,1.105613117184049e-06,6000,2048,8048,9072,0.6813333630561829,0.95064377784729,218.07780474994797
20260521,1,10,random_basis_dnf,cifar10/w1/20260521/10,mc,512,1,0.001953125,0.0034,0.001140922043962689,0.00325,True,0.0014468749999999998,2.0934472656249993e-06,0,512,512,512,0.6813333630561829,0.95064377784729,218.07780474994797
20260521,1,10,random_basis_dnf,cifar10/w1/20260521/10,random_stratified,512,1,0.0018169981060606058,0.0034,0.001140922043962689,0.00325,True,0.001583001893939394,2.5058949962157084e-06,0,512,512,3072,0.6813333630561829,0.95064377784729,218.07780474994797
20260521,1,10,random_basis_dnf,cifar10/w1/20260521/10,output_active,512,1,0.00232406734496124,0.0034,0.001140922043962689,0.00325,True,0.0010759326550387597,1.1576310781787547e-06,0,512,512,3072,0.6813333630561829,0.95064377784729,218.07780474994797
20260521,1,10,random_basis_dnf,cifar10/w1/20260521/10,ase_output,512,1,0.0,0.0034,0.001140922043962689,0.00325,True,0.0034,1.156e-05,0,512,512,3072,0.6813333630561829,0.95064377784729,218.07780474994797
20260521,1,10,random_basis_dnf,cifar10/w1/20260521/10,sparse_internal,512,1,0.0008541444088319089,0.0034,0.001140922043962689,0.00325,True,0.0025458555911680907,6.481380691081828e-06,6000,512,6512,9072,0.6813333630561829,0.95064377784729,218.07780474994797
20260521,1,10,random_basis_dnf,cifar10/w1/20260521/10,output_comp,512,1,0.002428973162615741,0.0034,0.001140922043962689,0.00325,True,0.000971026837384259,9.428931189204761e-07,6000,512,6512,9072,0.6813333630561829,0.95064377784729,218.07780474994797
20260521,1,10,random_basis_dnf,cifar10/w1/20260521/10,input_concept_comp,512,1,0.0008469058968926553,0.0034,0.001140922043962689,0.00325,True,0.0025530941031073444,6.518289499321496e-06,6000,512,6512,9072,0.6813333630561829,0.95064377784729,218.07780474994797
20260521,1,10,random_basis_dnf,cifar10/w1/20260521/10,mc,2048,1,0.00244140625,0.0034,0.001140922043962689,0.00325,True,0.0009585937499999998,9.189019775390621e-07,0,2048,2048,2048,0.6813333630561829,0.95064377784729,218.07780474994797
20260521,1,10,random_basis_dnf,cifar10/w1/20260521/10,random_stratified,2048,1,0.0031669383306607195,0.0034,0.001140922043962689,0.00325,True,0.0002330616693392803,5.4317741715212026e-08,0,2048,2048,3072,0.6813333630561829,0.95064377784729,218.07780474994797
20260521,1,10,random_basis_dnf,cifar10/w1/20260521/10,output_active,2048,1,0.002278645833333333,0.0034,0.001140922043962689,0.00325,True,0.0011213541666666668,1.2574351671006946e-06,0,2048,2048,3072,0.6813333630561829,0.95064377784729,218.07780474994797
20260521,1,10,random_basis_dnf,cifar10/w1/20260521/10,ase_output,2048,1,0.00268220495745468,0.0034,0.001140922043962689,0.00325,True,0.0007177950425453199,5.152297231026376e-07,0,2048,2048,3072,0.6813333630561829,0.95064377784729,218.07780474994797
20260521,1,10,random_basis_dnf,cifar10/w1/20260521/10,sparse_internal,2048,1,0.002334555900127226,0.0034,0.001140922043962689,0.00325,True,0.0010654440998727737,1.135171129953705e-06,6000,2048,8048,9072,0.6813333630561829,0.95064377784729,218.07780474994797
20260521,1,10,random_basis_dnf,cifar10/w1/20260521/10,output_comp,2048,1,0.002278645833333333,0.0034,0.001140922043962689,0.00325,True,0.0011213541666666668,1.2574351671006946e-06,6000,2048,8048,9072,0.6813333630561829,0.95064377784729,218.07780474994797
20260521,1,10,random_basis_dnf,cifar10/w1/20260521/10,input_concept_comp,2048,1,0.0032756578206708077,0.0034,0.001140922043962689,0.00325,True,0.00012434217932919206,1.546097756033296e-08,6000,2048,8048,9072,0.6813333630561829,0.95064377784729,218.07780474994797
20260521,1,11,concept_class_error,cifar10/w1/20260521/11,mc,512,1,0.01171875,0.0038,0.001205927331807352,0.003,True,0.00791875,6.27066015625e-05,0,512,512,512,0.6813333630561829,0.95064377784729,218.07780474994797
20260521,1,11,concept_class_error,cifar10/w1/20260521/11,random_stratified,512,1,0.0,0.0038,0.001205927331807352,0.003,True,0.0038,1.444e-05,0,512,512,3072,0.6813333630561829,0.95064377784729,218.07780474994797
20260521,1,11,concept_class_error,cifar10/w1/20260521/11,output_active,512,1,0.0071529334729765765,0.0038,0.001205927331807352,0.003,True,0.0033529334729765765,1.1242162874206767e-05,0,512,512,3072,0.6813333630561829,0.95064377784729,218.07780474994797
20260521,1,11,concept_class_error,cifar10/w1/20260521/11,ase_output,512,1,0.002286396329365079,0.0038,0.001205927331807352,0.003,True,0.001513603670634921,2.290996071759506e-06,0,512,512,3072,0.6813333630561829,0.95064377784729,218.07780474994797
20260521,1,11,concept_class_error,cifar10/w1/20260521/11,sparse_internal,512,1,0.002713555628819324,0.0038,0.001205927331807352,0.003,True,0.0010864443711806758,1.180361371670174e-06,6000,512,6512,9072,0.6813333630561829,0.95064377784729,218.07780474994797
20260521,1,11,concept_class_error,cifar10/w1/20260521/11,output_comp,512,1,0.004459926848774642,0.0038,0.001205927331807352,0.003,True,0.0006599268487746421,4.355034457336293e-07,6000,512,6512,9072,0.6813333630561829,0.95064377784729,218.07780474994797
20260521,1,11,concept_class_error,cifar10/w1/20260521/11,input_concept_comp,512,1,0.0031492089023109245,0.0038,0.001205927331807352,0.003,True,0.0006507910976890755,4.2352905283135186e-07,6000,512,6512,9072,0.6813333630561829,0.95064377784729,218.07780474994797
20260521,1,11,concept_class_error,cifar10/w1/20260521/11,mc,2048,1,0.005859375,0.0038,0.001205927331807352,0.003,True,0.002059375,4.241025390625e-06,0,2048,2048,2048,0.6813333630561829,0.95064377784729,218.07780474994797
20260521,1,11,concept_class_error,cifar10/w1/20260521/11,random_stratified,2048,1,0.003089304746390706,0.0038,0.001205927331807352,0.003,True,0.0007106952536092941,5.050877435027788e-07,0,2048,2048,3072,0.6813333630561829,0.95064377784729,218.07780474994797
20260521,1,11,concept_class_error,cifar10/w1/20260521/11,output_active,2048,1,0.003189955118666056,0.0038,0.001205927331807352,0.003,True,0.0006100448813339439,3.721547572417457e-07,0,2048,2048,3072,0.6813333630561829,0.95064377784729,218.07780474994797
20260521,1,11,concept_class_error,cifar10/w1/20260521/11,ase_output,2048,1,0.0012371830463921984,0.0038,0.001205927331807352,0.003,True,0.0025628169536078015,6.568030737699573e-06,0,2048,2048,3072,0.6813333630561829,0.95064377784729,218.07780474994797
20260521,1,11,concept_class_error,cifar10/w1/20260521/11,sparse_internal,2048,1,0.0026450258838267094,0.0038,0.001205927331807352,0.003,True,0.0011549741161732906,1.3339652090302738e-06,6000,2048,8048,9072,0.6813333630561829,0.95064377784729,218.07780474994797
20260521,1,11,concept_class_error,cifar10/w1/20260521/11,output_comp,2048,1,0.003537080127799621,0.0038,0.001205927331807352,0.003,True,0.0002629198722003791,6.912685919786368e-08,6000,2048,8048,9072,0.6813333630561829,0.95064377784729,218.07780474994797
20260521,1,11,concept_class_error,cifar10/w1/20260521/11,input_concept_comp,2048,1,0.003255208333333333,0.0038,0.001205927331807352,0.003,True,0.000544791666666667,2.9679796006944476e-07,6000,2048,8048,9072,0.6813333630561829,0.95064377784729,218.07780474994797
20260521,1,0,concept_confusion,cifar10/w1/20260521/0,mc,512,2,0.0,0.0039,0.0012216304377347512,0.004375,True,0.0039,1.5209999999999998e-05,0,512,512,512,0.6813333630561829,0.95064377784729,218.07780474994797
20260521,1,0,concept_confusion,cifar10/w1/20260521/0,random_stratified,512,2,0.0022712476325757575,0.0039,0.0012216304377347512,0.004375,True,0.0016287523674242423,2.652834274390074e-06,0,512,512,3072,0.6813333630561829,0.95064377784729,218.07780474994797
20260521,1,0,concept_confusion,cifar10/w1/20260521/0,output_active,512,2,0.0030749198717948717,0.0039,0.0012216304377347512,0.004375,True,0.0008250801282051281,6.807572179589906e-07,0,512,512,3072,0.6813333630561829,0.95064377784729,218.07780474994797
20260521,1,0,concept_confusion,cifar10/w1/20260521/0,ase_output,512,2,0.0025270696271929823,0.0039,0.0012216304377347512,0.004375,True,0.0013729303728070175,1.8849378085760162e-06,0,512,512,3072,0.6813333630561829,0.95064377784729,218.07780474994797
20260521,1,0,concept_confusion,cifar10/w1/20260521/0,sparse_internal,512,2,0.0020291349407783417,0.0039,0.0012216304377347512,0.004375,True,0.0018708650592216582,3.5001360698164585e-06,6000,512,6512,9072,0.6813333630561829,0.95064377784729,218.07780474994797
20260521,1,0,concept_confusion,cifar10/w1/20260521/0,output_comp,512,2,0.0026041666666666665,0.0039,0.0012216304377347512,0.004375,True,0.0012958333333333333,1.6791840277777778e-06,6000,512,6512,9072,0.6813333630561829,0.95064377784729,218.07780474994797
20260521,1,0,concept_confusion,cifar10/w1/20260521/0,input_concept_comp,512,2,0.0036732504886797237,0.0039,0.0012216304377347512,0.004375,True,0.0002267495113202761,5.1415340883984015e-08,6000,512,6512,9072,0.6813333630561829,0.95064377784729,218.07780474994797
20260521,1,0,concept_confusion,cifar10/w1/20260521/0,mc,2048,2,0.0048828125,0.0039,0.0012216304377347512,0.004375,True,0.0009828125000000002,9.659204101562503e-07,0,2048,2048,2048,0.6813333630561829,0.95064377784729,218.07780474994797
20260521,1,0,concept_confusion,cifar10/w1/20260521/0,random_stratified,2048,2,0.001395877358794365,0.0039,0.0012216304377347512,0.004375,True,0.0025041226412056347,6.270630202198684e-06,0,2048,2048,3072,0.6813333630561829,0.95064377784729,218.07780474994797
20260521,1,0,concept_confusion,cifar10/w1/20260521/0,output_active,2048,2,0.0026041666666666665,0.0039,0.0012216304377347512,0.004375,True,0.0012958333333333333,1.6791840277777778e-06,0,2048,2048,3072,0.6813333630561829,0.95064377784729,218.07780474994797
20260521,1,0,concept_confusion,cifar10/w1/20260521/0,ase_output,2048,2,0.0025956955069035698,0.0039,0.0012216304377347512,0.004375,True,0.00130430449309643,1.7012102107115353e-06,0,2048,2048,3072,0.6813333630561829,0.95064377784729,218.07780474994797
20260521,1,0,concept_confusion,cifar10/w1/20260521/0,sparse_internal,2048,2,0.0028130570409982173,0.0039,0.0012216304377347512,0.004375,True,0.0010869429590017825,1.1814449961235508e-06,6000,2048,8048,9072,0.6813333630561829,0.95064377784729,218.07780474994797
20260521,1,0,concept_confusion,cifar10/w1/20260521/0,output_comp,2048,2,0.0026041666666666665,0.0039,0.0012216304377347512,0.004375,True,0.0012958333333333333,1.6791840277777778e-06,6000,2048,8048,9072,0.6813333630561829,0.95064377784729,218.07780474994797
20260521,1,0,concept_confusion,cifar10/w1/20260521/0,input_concept_comp,2048,2,0.0026041666666666665,0.0039,0.0012216304377347512,0.004375,True,0.0012958333333333333,1.6791840277777778e-06,6000,2048,8048,9072,0.6813333630561829,0.95064377784729,218.07780474994797
20260521,1,1,basis_class_error,cifar10/w1/20260521/1,mc,512,2,0.015625,0.0192,0.002689657089221598,0.019,True,0.0035749999999999983,1.2780624999999987e-05,0,512,512,512,0.6813333630561829,0.95064377784729,218.07780474994797
20260521,1,1,basis_class_error,cifar10/w1/20260521/1,random_stratified,512,2,0.015754445965397473,0.0192,0.002689657089221598,0.019,True,0.0034455540346025257,1.1871842605365744e-05,0,512,512,3072,0.6813333630561829,0.95064377784729,218.07780474994797
20260521,1,1,basis_class_error,cifar10/w1/20260521/1,output_active,512,2,0.023832762372405995,0.0192,0.002689657089221598,0.019,True,0.004632762372405997,2.1462487199180842e-05,0,512,512,3072,0.6813333630561829,0.95064377784729,218.07780474994797
20260521,1,1,basis_class_error,cifar10/w1/20260521/1,ase_output,512,2,0.01633356098891444,0.0192,0.002689657089221598,0.019,True,0.002866439011085558,8.216472604273152e-06,0,512,512,3072,0.6813333630561829,0.95064377784729,218.07780474994797
20260521,1,1,basis_class_error,cifar10/w1/20260521/1,sparse_internal,512,2,0.016815727218687744,0.0192,0.002689657089221598,0.019,True,0.0023842727813122543,5.684756695706472e-06,6000,512,6512,9072,0.6813333630561829,0.95064377784729,218.07780474994797
20260521,1,1,basis_class_error,cifar10/w1/20260521/1,output_comp,512,2,0.021011750095584626,0.0192,0.002689657089221598,0.019,True,0.0018117500955846279,3.2824384088509082e-06,6000,512,6512,9072,0.6813333630561829,0.95064377784729,218.07780474994797
20260521,1,1,basis_class_error,cifar10/w1/20260521/1,input_concept_comp,512,2,0.02226917046342234,0.0192,0.002689657089221598,0.019,True,0.0030691704634223417,9.419807333544112e-06,6000,512,6512,9072,0.6813333630561829,0.95064377784729,218.07780474994797
20260521,1,1,basis_class_error,cifar10/w1/20260521/1,mc,2048,2,0.01708984375,0.0192,0.002689657089221598,0.019,True,0.0021101562499999983,4.452759399414056e-06,0,2048,2048,2048,0.6813333630561829,0.95064377784729,218.07780474994797
20260521,1,1,basis_class_error,cifar10/w1/20260521/1,random_stratified,2048,2,0.02372086098593468,0.0192,0.002689657089221598,0.019,True,0.004520860985934683,2.043818405414631e-05,0,2048,2048,3072,0.6813333630561829,0.95064377784729,218.07780474994797
20260521,1,1,basis_class_error,cifar10/w1/20260521/1,output_active,2048,2,0.023096773496336664,0.0192,0.002689657089221598,0.019,True,0.0038967734963366654,1.518484368175188e-05,0,2048,2048,3072,0.6813333630561829,0.95064377784729,218.07780474994797
20260521,1,1,basis_class_error,cifar10/w1/20260521/1,ase_output,2048,2,0.022241125690983535,0.0192,0.002689657089221598,0.019,True,0.0030411256909835364,9.248445468360093e-06,0,2048,2048,3072,0.6813333630561829,0.95064377784729,218.07780474994797
20260521,1,1,basis_class_error,cifar10/w1/20260521/1,sparse_internal,2048,2,0.021822060365602965,0.0192,0.002689657089221598,0.019,True,0.002622060365602967,6.875200560865965e-06,6000,2048,8048,9072,0.6813333630561829,0.95064377784729,218.07780474994797
20260521,1,1,basis_class_error,cifar10/w1/20260521/1,output_comp,2048,2,0.02153689980766612,0.0192,0.002689657089221598,0.019,True,0.0023368998076661214,5.4611007110699554e-06,6000,2048,8048,9072,0.6813333630561829,0.95064377784729,218.07780474994797
20260521,1,1,basis_class_error,cifar10/w1/20260521/1,input_concept_comp,2048,2,0.01961296112216933,0.0192,0.002689657089221598,0.019,True,0.0004129611221693301,1.7053688842335237e-07,6000,2048,8048,9072,0.6813333630561829,0.95064377784729,218.07780474994797
20260521,1,2,concept_class_error,cifar10/w1/20260521/2,mc,512,2,0.0078125,0.0045,0.0013118463172185986,0.004,True,0.0033125000000000003,1.0972656250000003e-05,0,512,512,512,0.6813333630561829,0.95064377784729,218.07780474994797
20260521,1,2,concept_class_error,cifar10/w1/20260521/2,random_stratified,512,2,0.0066695601851851855,0.0045,0.0013118463172185986,0.004,True,0.002169560185185186,4.706991397140778e-06,0,512,512,3072,0.6813333630561829,0.95064377784729,218.07780474994797
20260521,1,2,concept_class_error,cifar10/w1/20260521/2,output_active,512,2,0.004904956138777268,0.0045,0.0013118463172185986,0.004,True,0.00040495613877726804,1.6398947433339397e-07,0,512,512,3072,0.6813333630561829,0.95064377784729,218.07780474994797
20260521,1,2,concept_class_error,cifar10/w1/20260521/2,ase_output,512,2,0.005823774035369003,0.0045,0.0013118463172185986,0.004,True,0.0013237740353690035,1.7523776967171357e-06,0,512,512,3072,0.6813333630561829,0.95064377784729,218.07780474994797
20260521,1,2,concept_class_error,cifar10/w1/20260521/2,sparse_internal,512,2,0.005897003490474472,0.0045,0.0013118463172185986,0.004,True,0.0013970034904744726,1.9516187523978598e-06,6000,512,6512,9072,0.6813333630561829,0.95064377784729,218.07780474994797
20260521,1,2,concept_class_error,cifar10/w1/20260521/2,output_comp,512,2,0.004246112037912081,0.0045,0.0013118463172185986,0.004,True,0.0002538879620879184,6.445909729315629e-08,6000,512,6512,9072,0.6813333630561829,0.95064377784729,218.07780474994797
20260521,1,2,concept_class_error,cifar10/w1/20260521/2,input_concept_comp,512,2,0.002828346108490566,0.0045,0.0013118463172185986,0.004,True,0.0016716538915094335,2.7944267329986326e-06,6000,512,6512,9072,0.6813333630561829,0.95064377784729,218.07780474994797
20260521,1,2,concept_class_error,cifar10/w1/20260521/2,mc,2048,2,0.005859375,0.0045,0.0013118463172185986,0.004,True,0.0013593750000000003,1.847900390625001e-06,0,2048,2048,2048,0.6813333630561829,0.95064377784729,218.07780474994797
20260521,1,2,concept_class_error,cifar10/w1/20260521/2,random_stratified,2048,2,0.004101003556250973,0.0045,0.0013118463172185986,0.004,True,0.00039899644374902666,1.591981621243702e-07,0,2048,2048,3072,0.6813333630561829,0.95064377784729,218.07780474994797
20260521,1,2,concept_class_error,cifar10/w1/20260521/2,output_active,2048,2,0.004712608875107377,0.0045,0.0013118463172185986,0.004,True,0.0002126088751073776,4.520253377442449e-08,0,2048,2048,3072,0.6813333630561829,0.95064377784729,218.07780474994797
20260521,1,2,concept_class_error,cifar10/w1/20260521/2,ase_output,2048,2,0.0036766431904502045,0.0045,0.0013118463172185986,0.004,True,0.0008233568095497952,6.779164358320177e-07,0,2048,2048,3072,0.6813333630561829,0.95064377784729,218.07780474994797
20260521,1,2,concept_class_error,cifar10/w1/20260521/2,sparse_internal,2048,2,0.004303739725056689,0.0045,0.0013118463172185986,0.004,True,0.0001962602749433105,3.8518095520823825e-08,6000,2048,8048,9072,0.6813333630561829,0.95064377784729,218.07780474994797
20260521,1,2,concept_class_error,cifar10/w1/20260521/2,output_comp,2048,2,0.00317896021021021,0.0045,0.0013118463172185986,0.004,True,0.0013210397897897895,1.7451461262078514e-06,6000,2048,8048,9072,0.6813333630561829,0.95064377784729,218.07780474994797
20260521,1,2,concept_class_error,cifar10/w1/20260521/2,input_concept_comp,2048,2,0.00390625,0.0045,0.0013118463172185986,0.004,True,0.0005937499999999997,3.525390624999996e-07,6000,2048,8048,9072,0.6813333630561829,0.95064377784729,218.07780474994797
20260521,1,3,concept_class_error,cifar10/w1/20260521/3,mc,512,2,0.013671875,0.013,0.002220170479940673,0.0125,True,0.0006718750000000006,4.514160156250008e-07,0,512,512,512,0.6813333630561829,0.95064377784729,218.07780474994797
20260521,1,3,concept_class_error,cifar10/w1/20260521/3,random_stratified,512,2,0.010291589347158688,0.013,0.002220170479940673,0.0125,True,0.002708410652841312,7.335488264424301e-06,0,512,512,3072,0.6813333630561829,0.95064377784729,218.07780474994797
20260521,1,3,concept_class_error,cifar10/w1/20260521/3,output_active,512,2,0.01760895921696274,0.013,0.002220170479940673,0.0125,True,0.0046089592169627405,2.1242505063625797e-05,0,512,512,3072,0.6813333630561829,0.95064377784729,218.07780474994797
20260521,1,3,concept_class_error,cifar10/w1/20260521/3,ase_output,512,2,0.01159599157231514,0.013,0.002220170479940673,0.0125,True,0.0014040084276848597,1.971239665010112e-06,0,512,512,3072,0.6813333630561829,0.95064377784729,218.07780474994797
20260521,1,3,concept_class_error,cifar10/w1/20260521/3,sparse_internal,512,2,0.01946113456763625,0.013,0.002220170479940673,0.0125,True,0.006461134567636249,4.174625990110406e-05,6000,512,6512,9072,0.6813333630561829,0.95064377784729,218.07780474994797
20260521,1,3,concept_class_error,cifar10/w1/20260521/3,output_comp,512,2,0.010333488046904442,0.013,0.002220170479940673,0.0125,True,0.0026665119530955572,7.110285996001483e-06,6000,512,6512,9072,0.6813333630561829,0.95064377784729,218.07780474994797
20260521,1,3,concept_class_error,cifar10/w1/20260521/3,input_concept_comp,512,2,0.012375289918890755,0.013,0.002220170479940673,0.0125,True,0.0006247100811092449,3.902626854395193e-07,6000,512,6512,9072,0.6813333630561829,0.95064377784729,218.07780474994797
20260521,1,3,concept_class_error,cifar10/w1/20260521/3,mc,2048,2,0.01123046875,0.013,0.002220170479940673,0.0125,True,0.0017695312499999994,3.1312408447265604e-06,0,2048,2048,2048,0.6813333630561829,0.95064377784729,218.07780474994797
20260521,1,3,concept_class_error,cifar10/w1/20260521/3,random_stratified,2048,2,0.013990289570775232,0.013,0.002220170479940673,0.0125,True,0.0009902895707752327,9.806734339861946e-07,0,2048,2048,3072,0.6813333630561829,0.95064377784729,218.07780474994797
20260521,1,3,concept_class_error,cifar10/w1/20260521/3,output_active,2048,2,0.015215491169188298,0.013,0.002220170479940673,0.0125,True,0.0022154911691882988,4.908401120751335e-06,0,2048,2048,3072,0.6813333630561829,0.95064377784729,218.07780474994797
20260521,1,3,concept_class_error,cifar10/w1/20260521/3,ase_output,2048,2,0.015196951533229586,0.013,0.002220170479940673,0.0125,True,0.0021969515332295863,4.82659603935983e-06,0,2048,2048,3072,0.6813333630561829,0.95064377784729,218.07780474994797
20260521,1,3,concept_class_error,cifar10/w1/20260521/3,sparse_internal,2048,2,0.014417140331977827,0.013,0.002220170479940673,0.0125,True,0.001417140331977828,2.0082867205182283e-06,6000,2048,8048,9072,0.6813333630561829,0.95064377784729,218.07780474994797
20260521,1,3,concept_class_error,cifar10/w1/20260521/3,output_comp,2048,2,0.016324963988871757,0.013,0.002220170479940673,0.0125,True,0.0033249639888717573,1.1055385527293988e-05,6000,2048,8048,9072,0.6813333630561829,0.95064377784729,218.07780474994797
20260521,1,3,concept_class_error,cifar10/w1/20260521/3,input_concept_comp,2048,2,0.014973958333333332,0.013,0.002220170479940673,0.0125,True,0.0019739583333333328,3.896511501736109e-06,6000,2048,8048,9072,0.6813333630561829,0.95064377784729,218.07780474994797
20260521,1,4,basis_class_error,cifar10/w1/20260521/4,mc,512,2,0.029296875,0.0204,0.0027707385250867684,0.020625,True,0.008896874999999999,7.915438476562497e-05,0,512,512,512,0.6813333630561829,0.95064377784729,218.07780474994797
20260521,1,4,basis_class_error,cifar10/w1/20260521/4,random_stratified,512,2,0.02831324537664011,0.0204,0.0027707385250867684,0.020625,True,0.007913245376640107,6.261945239091603e-05,0,512,512,3072,0.6813333630561829,0.95064377784729,218.07780474994797
20260521,1,4,basis_class_error,cifar10/w1/20260521/4,output_active,512,2,0.01738036934554839,0.0204,0.0027707385250867684,0.020625,True,0.00301963065445161,9.118169289303858e-06,0,512,512,3072,0.6813333630561829,0.95064377784729,218.07780474994797
20260521,1,4,basis_class_error,cifar10/w1/20260521/4,ase_output,512,2,0.009331719632449872,0.0204,0.0027707385250867684,0.020625,True,0.011068280367550129,0.0001225068302946956,0,512,512,3072,0.6813333630561829,0.95064377784729,218.07780474994797
20260521,1,4,basis_class_error,cifar10/w1/20260521/4,sparse_internal,512,2,0.023104942200311823,0.0204,0.0027707385250867684,0.020625,True,0.002704942200311821,7.316712307027756e-06,6000,512,6512,9072,0.6813333630561829,0.95064377784729,218.07780474994797
20260521,1,4,basis_class_error,cifar10/w1/20260521/4,output_comp,512,2,0.023323438278360864,0.0204,0.0027707385250867684,0.020625,True,0.0029234382783608626,8.546491367385524e-06,6000,512,6512,9072,0.6813333630561829,0.95064377784729,218.07780474994797
20260521,1,4,basis_class_error,cifar10/w1/20260521/4,input_concept_comp,512,2,0.02758542283435717,0.0204,0.0027707385250867684,0.020625,True,0.007185422834357167,5.163030130850138e-05,6000,512,6512,9072,0.6813333630561829,0.95064377784729,218.07780474994797
20260521,1,4,basis_class_error,cifar10/w1/20260521/4,mc,2048,2,0.02197265625,0.0204,0.0027707385250867684,0.020625,True,0.0015726562499999985,2.4732476806640578e-06,0,2048,2048,2048,0.6813333630561829,0.95064377784729,218.07780474994797
20260521,1,4,basis_class_error,cifar10/w1/20260521/4,random_stratified,2048,2,0.02233433056994755,0.0204,0.0027707385250867684,0.020625,True,0.001934330569947549,3.7416347538336097e-06,0,2048,2048,3072,0.6813333630561829,0.95064377784729,218.07780474994797
20260521,1,4,basis_class_error,cifar10/w1/20260521/4,output_active,2048,2,0.02395465291561774,0.0204,0.0027707385250867684,0.020625,True,0.0035546529156177398,1.2635557350509698e-05,0,2048,2048,3072,0.6813333630561829,0.95064377784729,218.07780474994797
20260521,1,4,basis_class_error,cifar10/w1/20260521/4,ase_output,2048,2,0.022474713753952907,0.0204,0.0027707385250867684,0.020625,True,0.002074713753952906,4.304437160841359e-06,0,2048,2048,3072,0.6813333630561829,0.95064377784729,218.07780474994797
20260521,1,4,basis_class_error,cifar10/w1/20260521/4,sparse_internal,2048,2,0.020966408576712073,0.0204,0.0027707385250867684,0.020625,True,0.0005664085767120713,3.2081867577299443e-07,6000,2048,8048,9072,0.6813333630561829,0.95064377784729,218.07780474994797
20260521,1,4,basis_class_error,cifar10/w1/20260521/4,output_comp,2048,2,0.020600685110513738,0.0204,0.0027707385250867684,0.020625,True,0.0002006851105137361,4.027451358191048e-08,6000,2048,8048,9072,0.6813333630561829,0.95064377784729,218.07780474994797
20260521,1,4,basis_class_error,cifar10/w1/20260521/4,input_concept_comp,2048,2,0.026160619944796685,0.0204,0.0027707385250867684,0.020625,True,0.005760619944796683,3.3184742148389346e-05,6000,2048,8048,9072,0.6813333630561829,0.95064377784729,218.07780474994797
20260521,1,5,basis_confusion,cifar10/w1/20260521/5,mc,512,2,0.00390625,0.0043,0.0012824916692127089,0.00475,True,0.00039375,1.550390625e-07,0,512,512,512,0.6813333630561829,0.95064377784729,218.07780474994797
20260521,1,5,basis_confusion,cifar10/w1/20260521/5,random_stratified,512,2,0.01081171234237791,0.0043,0.0012824916692127089,0.00475,True,0.00651171234237791,4.240239762987681e-05,0,512,512,3072,0.6813333630561829,0.95064377784729,218.07780474994797
20260521,1,5,basis_confusion,cifar10/w1/20260521/5,output_active,512,2,0.005009763928695501,0.0043,0.0012824916692127089,0.00475,True,0.0007097639286955011,5.037648344772724e-07,0,512,512,3072,0.6813333630561829,0.95064377784729,218.07780474994797
20260521,1,5,basis_confusion,cifar10/w1/20260521/5,ase_output,512,2,0.0056039670713904505,0.0043,0.0012824916692127089,0.00475,True,0.0013039670713904505,1.7003301232705882e-06,0,512,512,3072,0.6813333630561829,0.95064377784729,218.07780474994797
20260521,1,5,basis_confusion,cifar10/w1/20260521/5,sparse_internal,512,2,0.004675316764132553,0.0043,0.0012824916692127089,0.00475,True,0.0003753167641325529,1.4086267343893034e-07,6000,512,6512,9072,0.6813333630561829,0.95064377784729,218.07780474994797
20260521,1,5,basis_confusion,cifar10/w1/20260521/5,output_comp,512,2,0.004557291666666666,0.0043,0.0012824916692127089,0.00475,True,0.0002572916666666661,6.61990017361108e-08,6000,512,6512,9072,0.6813333630561829,0.95064377784729,218.07780474994797
20260521,1,5,basis_confusion,cifar10/w1/20260521/5,input_concept_comp,512,2,0.0,0.0043,0.0012824916692127089,0.00475,True,0.0043,1.849e-05,6000,512,6512,9072,0.6813333630561829,0.95064377784729,218.07780474994797
20260521,1,5,basis_confusion,cifar10/w1/20260521/5,mc,2048,2,0.0048828125,0.0043,0.0012824916692127089,0.00475,True,0.0005828125,3.3967041015624997e-07,0,2048,2048,2048,0.6813333630561829,0.95064377784729,218.07780474994797
20260521,1,5,basis_confusion,cifar10/w1/20260521/5,random_stratified,2048,2,0.004516279289620968,0.0043,0.0012824916692127089,0.00475,True,0.0002162792896209676,4.6776731118950385e-08,0,2048,2048,3072,0.6813333630561829,0.95064377784729,218.07780474994797
20260521,1,5,basis_confusion,cifar10/w1/20260521/5,output_active,2048,2,0.004557291666666666,0.0043,0.0012824916692127089,0.00475,True,0.0002572916666666661,6.61990017361108e-08,0,2048,2048,3072,0.6813333630561829,0.95064377784729,218.07780474994797
20260521,1,5,basis_confusion,cifar10/w1/20260521/5,ase_output,2048,2,0.0045368666816111985,0.0043,0.0012824916692127089,0.00475,True,0.00023686668161119855,5.61058248575009e-08,0,2048,2048,3072,0.6813333630561829,0.95064377784729,218.07780474994797
20260521,1,5,basis_confusion,cifar10/w1/20260521/5,sparse_internal,2048,2,0.004557291666666666,0.0043,0.0012824916692127089,0.00475,True,0.0002572916666666661,6.61990017361108e-08,6000,2048,8048,9072,0.6813333630561829,0.95064377784729,218.07780474994797
20260521,1,5,basis_confusion,cifar10/w1/20260521/5,output_comp,2048,2,0.004557291666666666,0.0043,0.0012824916692127089,0.00475,True,0.0002572916666666661,6.61990017361108e-08,6000,2048,8048,9072,0.6813333630561829,0.95064377784729,218.07780474994797
20260521,1,5,basis_confusion,cifar10/w1/20260521/5,input_concept_comp,2048,2,0.003925316680360969,0.0043,0.0012824916692127089,0.00475,True,0.0003746833196390312,1.403875900157244e-07,6000,2048,8048,9072,0.6813333630561829,0.95064377784729,218.07780474994797
20260521,1,6,concept_class_error,cifar10/w1/20260521/6,mc,512,2,0.005859375,0.0035,0.0011575206434444269,0.003625,True,0.002359375,5.566650390625e-06,0,512,512,512,0.6813333630561829,0.95064377784729,218.07780474994797
20260521,1,6,concept_class_error,cifar10/w1/20260521/6,random_stratified,512,2,0.008922758556547618,0.0035,0.0011575206434444269,0.003625,True,0.0054227585565476185,2.940631036261041e-05,0,512,512,3072,0.6813333630561829,0.95064377784729,218.07780474994797
20260521,1,6,concept_class_error,cifar10/w1/20260521/6,output_active,512,2,0.0015862681878306877,0.0035,0.0011575206434444269,0.003625,True,0.0019137318121693124,3.6623694489088405e-06,0,512,512,3072,0.6813333630561829,0.95064377784729,218.07780474994797
20260521,1,6,concept_class_error,cifar10/w1/20260521/6,ase_output,512,2,0.009859038873224727,0.0035,0.0011575206434444269,0.003625,True,0.006359038873224728,4.043737539118322e-05,0,512,512,3072,0.6813333630561829,0.95064377784729,218.07780474994797
20260521,1,6,concept_class_error,cifar10/w1/20260521/6,sparse_internal,512,2,0.001921824919871795,0.0035,0.0011575206434444269,0.003625,True,0.001578175080128205,2.4906365835376666e-06,6000,512,6512,9072,0.6813333630561829,0.95064377784729,218.07780474994797
20260521,1,6,concept_class_error,cifar10/w1/20260521/6,output_comp,512,2,0.003563836668921134,0.0035,0.0011575206434444269,0.003625,True,6.383666892113404e-05,4.07512029894648e-09,6000,512,6512,9072,0.6813333630561829,0.95064377784729,218.07780474994797
20260521,1,6,concept_class_error,cifar10/w1/20260521/6,input_concept_comp,512,2,0.004965391161907201,0.0035,0.0011575206434444269,0.003625,True,0.0014653911619072007,2.1473712573957357e-06,6000,512,6512,9072,0.6813333630561829,0.95064377784729,218.07780474994797
20260521,1,6,concept_class_error,cifar10/w1/20260521/6,mc,2048,2,0.00390625,0.0035,0.0011575206434444269,0.003625,True,0.00040624999999999993,1.6503906249999994e-07,0,2048,2048,2048,0.6813333630561829,0.95064377784729,218.07780474994797
20260521,1,6,concept_class_error,cifar10/w1/20260521/6,random_stratified,2048,2,0.0042369682978626935,0.0035,0.0011575206434444269,0.003625,True,0.0007369682978626934,5.431222720546357e-07,0,2048,2048,3072,0.6813333630561829,0.95064377784729,218.07780474994797
20260521,1,6,concept_class_error,cifar10/w1/20260521/6,output_active,2048,2,0.004291322912867736,0.0035,0.0011575206434444269,0.003625,True,0.0007913229128677355,6.261919524294777e-07,0,2048,2048,3072,0.6813333630561829,0.95064377784729,218.07780474994797
20260521,1,6,concept_class_error,cifar10/w1/20260521/6,ase_output,2048,2,0.0029282343583448694,0.0035,0.0011575206434444269,0.003625,True,0.0005717656416551306,3.2691594897730326e-07,0,2048,2048,3072,0.6813333630561829,0.95064377784729,218.07780474994797
20260521,1,6,concept_class_error,cifar10/w1/20260521/6,sparse_internal,2048,2,0.003907092847517236,0.0035,0.0011575206434444269,0.003625,True,0.00040709284751723604,1.657245864996916e-07,6000,2048,8048,9072,0.6813333630561829,0.95064377784729,218.07780474994797
20260521,1,6,concept_class_error,cifar10/w1/20260521/6,output_comp,2048,2,0.0036904155344202895,0.0035,0.0011575206434444269,0.003625,True,0.00019041553442028947,3.625807574856445e-08,6000,2048,8048,9072,0.6813333630561829,0.95064377784729,218.07780474994797
20260521,1,6,concept_class_error,cifar10/w1/20260521/6,input_concept_comp,2048,2,0.004233898420479302,0.0035,0.0011575206434444269,0.003625,True,0.0007338984204793022,5.386068915820146e-07,6000,2048,8048,9072,0.6813333630561829,0.95064377784729,218.07780474994797
20260521,1,7,concept_confusion,cifar10/w1/20260521/7,mc,512,2,0.0,0.0013,0.0007062285533734812,0.001125,True,0.0013,1.69e-06,0,512,512,512,0.6813333630561829,0.95064377784729,218.07780474994797
20260521,1,7,concept_confusion,cifar10/w1/20260521/7,random_stratified,512,2,0.0,0.0013,0.0007062285533734812,0.001125,True,0.0013,1.69e-06,0,512,512,3072,0.6813333630561829,0.95064377784729,218.07780474994797
20260521,1,7,concept_confusion,cifar10/w1/20260521/7,output_active,512,2,0.0011897011408730158,0.0013,0.0007062285533734812,0.001125,True,0.00011029885912698417,1.21658383247143e-08,0,512,512,3072,0.6813333630561829,0.95064377784729,218.07780474994797
20260521,1,7,concept_confusion,cifar10/w1/20260521/7,ase_output,512,2,0.0006937138002431897,0.0013,0.0007062285533734812,0.001125,True,0.0006062861997568102,3.6758295601555474e-07,0,512,512,3072,0.6813333630561829,0.95064377784729,218.07780474994797
20260521,1,7,concept_confusion,cifar10/w1/20260521/7,sparse_internal,512,2,0.0016655815972222222,0.0013,0.0007062285533734812,0.001125,True,0.0003655815972222222,1.3364990422755112e-07,6000,512,6512,9072,0.6813333630561829,0.95064377784729,218.07780474994797
20260521,1,7,concept_confusion,cifar10/w1/20260521/7,output_comp,512,2,0.0013020833333333333,0.0013,0.0007062285533734812,0.001125,True,2.0833333333333207e-06,4.340277777777725e-12,6000,512,6512,9072,0.6813333630561829,0.95064377784729,218.07780474994797
20260521,1,7,concept_confusion,cifar10/w1/20260521/7,input_concept_comp,512,2,0.001334536797582981,0.0013,0.0007062285533734812,0.001125,True,3.4536797582981156e-05,1.192790387287813e-09,6000,512,6512,9072,0.6813333630561829,0.95064377784729,218.07780474994797
20260521,1,7,concept_confusion,cifar10/w1/20260521/7,mc,2048,2,0.00146484375,0.0013,0.0007062285533734812,0.001125,True,0.00016484375000000006,2.7173461914062518e-08,0,2048,2048,2048,0.6813333630561829,0.95064377784729,218.07780474994797
20260521,1,7,concept_confusion,cifar10/w1/20260521/7,random_stratified,2048,2,0.0008557071730459602,0.0013,0.0007062285533734812,0.001125,True,0.00044429282695403974,1.973961160828123e-07,0,2048,2048,3072,0.6813333630561829,0.95064377784729,218.07780474994797
20260521,1,7,concept_confusion,cifar10/w1/20260521/7,output_active,2048,2,0.0013020833333333333,0.0013,0.0007062285533734812,0.001125,True,2.0833333333333207e-06,4.340277777777725e-12,0,2048,2048,3072,0.6813333630561829,0.95064377784729,218.07780474994797
20260521,1,7,concept_confusion,cifar10/w1/20260521/7,ase_output,2048,2,0.0010893246187363833,0.0013,0.0007062285533734812,0.001125,True,0.0002106753812636166,4.438411627057022e-08,0,2048,2048,3072,0.6813333630561829,0.95064377784729,218.07780474994797
20260521,1,7,concept_confusion,cifar10/w1/20260521/7,sparse_internal,2048,2,0.0013020833333333333,0.0013,0.0007062285533734812,0.001125,True,2.0833333333333207e-06,4.340277777777725e-12,6000,2048,8048,9072,0.6813333630561829,0.95064377784729,218.07780474994797
20260521,1,7,concept_confusion,cifar10/w1/20260521/7,output_comp,2048,2,0.0013020833333333333,0.0013,0.0007062285533734812,0.001125,True,2.0833333333333207e-06,4.340277777777725e-12,6000,2048,8048,9072,0.6813333630561829,0.95064377784729,218.07780474994797
20260521,1,7,concept_confusion,cifar10/w1/20260521/7,input_concept_comp,2048,2,0.0013020833333333333,0.0013,0.0007062285533734812,0.001125,True,2.0833333333333207e-06,4.340277777777725e-12,6000,2048,8048,9072,0.6813333630561829,0.95064377784729,218.07780474994797
20260521,1,8,basis_class_error,cifar10/w1/20260521/8,mc,512,2,0.0390625,0.0394,0.003813076104984006,0.038625,True,0.0003374999999999975,1.1390624999999833e-07,0,512,512,512,0.6813333630561829,0.95064377784729,218.07780474994797
20260521,1,8,basis_class_error,cifar10/w1/20260521/8,random_stratified,512,2,0.032205956415448905,0.0394,0.003813076104984006,0.038625,True,0.007194043584551092,5.175426309642073e-05,0,512,512,3072,0.6813333630561829,0.95064377784729,218.07780474994797
20260521,1,8,basis_class_error,cifar10/w1/20260521/8,output_active,512,2,0.044361301538147546,0.0394,0.003813076104984006,0.038625,True,0.004961301538147549,2.461451295242523e-05,0,512,512,3072,0.6813333630561829,0.95064377784729,218.07780474994797
20260521,1,8,basis_class_error,cifar10/w1/20260521/8,ase_output,512,2,0.04436394993157877,0.0394,0.003813076104984006,0.038625,True,0.004963949931578775,2.4640798923220922e-05,0,512,512,3072,0.6813333630561829,0.95064377784729,218.07780474994797
20260521,1,8,basis_class_error,cifar10/w1/20260521/8,sparse_internal,512,2,0.042875803378041574,0.0394,0.003813076104984006,0.038625,True,0.0034758033780415767,1.2081209122805236e-05,6000,512,6512,9072,0.6813333630561829,0.95064377784729,218.07780474994797
20260521,1,8,basis_class_error,cifar10/w1/20260521/8,output_comp,512,2,0.035562631536384254,0.0394,0.003813076104984006,0.038625,True,0.0038373684636157437,1.4725396725552653e-05,6000,512,6512,9072,0.6813333630561829,0.95064377784729,218.07780474994797
20260521,1,8,basis_class_error,cifar10/w1/20260521/8,input_concept_comp,512,2,0.04577806345095063,0.0394,0.003813076104984006,0.038625,True,0.006378063450950634,4.067969338435232e-05,6000,512,6512,9072,0.6813333630561829,0.95064377784729,218.07780474994797
20260521,1,8,basis_class_error,cifar10/w1/20260521/8,mc,2048,2,0.03466796875,0.0394,0.003813076104984006,0.038625,True,0.0047320312499999975,2.239211975097654e-05,0,2048,2048,2048,0.6813333630561829,0.95064377784729,218.07780474994797
20260521,1,8,basis_class_error,cifar10/w1/20260521/8,random_stratified,2048,2,0.04092173579337002,0.0394,0.003813076104984006,0.038625,True,0.0015217357933700257,2.3156798248235013e-06,0,2048,2048,3072,0.6813333630561829,0.95064377784729,218.07780474994797
20260521,1,8,basis_class_error,cifar10/w1/20260521/8,output_active,2048,2,0.04013434766340472,0.0394,0.003813076104984006,0.038625,True,0.0007343476634047233,5.392664907479767e-07,0,2048,2048,3072,0.6813333630561829,0.95064377784729,218.07780474994797
20260521,1,8,basis_class_error,cifar10/w1/20260521/8,ase_output,2048,2,0.0393536277647763,0.0394,0.003813076104984006,0.038625,True,4.6372235223697544e-05,2.1503841996419353e-09,0,2048,2048,3072,0.6813333630561829,0.95064377784729,218.07780474994797
20260521,1,8,basis_class_error,cifar10/w1/20260521/8,sparse_internal,2048,2,0.04248538810592198,0.0394,0.003813076104984006,0.038625,True,0.003085388105921981,9.519619764164829e-06,6000,2048,8048,9072,0.6813333630561829,0.95064377784729,218.07780474994797
20260521,1,8,basis_class_error,cifar10/w1/20260521/8,output_comp,2048,2,0.03951349582930801,0.0394,0.003813076104984006,0.038625,True,0.00011349582930800933,1.2881303270312791e-08,6000,2048,8048,9072,0.6813333630561829,0.95064377784729,218.07780474994797
20260521,1,8,basis_class_error,cifar10/w1/20260521/8,input_concept_comp,2048,2,0.0426127235369225,0.0394,0.003813076104984006,0.038625,True,0.0032127235369225,1.0321592524695819e-05,6000,2048,8048,9072,0.6813333630561829,0.95064377784729,218.07780474994797
20260521,1,9,basis_class_error,cifar10/w1/20260521/9,mc,512,2,0.015625,0.0254,0.0030837994964653588,0.024125,True,0.009774999999999999,9.555062499999997e-05,0,512,512,512,0.6813333630561829,0.95064377784729,218.07780474994797
20260521,1,9,basis_class_error,cifar10/w1/20260521/9,random_stratified,512,2,0.017810730101523835,0.0254,0.0030837994964653588,0.024125,True,0.007589269898476164,5.7597017591916406e-05,0,512,512,3072,0.6813333630561829,0.95064377784729,218.07780474994797
20260521,1,9,basis_class_error,cifar10/w1/20260521/9,output_active,512,2,0.025583641524516358,0.0254,0.0030837994964653588,0.024125,True,0.00018364152451635918,3.3724209526692546e-08,0,512,512,3072,0.6813333630561829,0.95064377784729,218.07780474994797
20260521,1,9,basis_class_error,cifar10/w1/20260521/9,ase_output,512,2,0.022210882022765246,0.0254,0.0030837994964653588,0.024125,True,0.003189117977234753,1.0170473472721884e-05,0,512,512,3072,0.6813333630561829,0.95064377784729,218.07780474994797
20260521,1,9,basis_class_error,cifar10/w1/20260521/9,sparse_internal,512,2,0.028773693090375304,0.0254,0.0030837994964653588,0.024125,True,0.003373693090375305,1.1381805068046075e-05,6000,512,6512,9072,0.6813333630561829,0.95064377784729,218.07780474994797
20260521,1,9,basis_class_error,cifar10/w1/20260521/9,output_comp,512,2,0.025981017577122817,0.0254,0.0030837994964653588,0.024125,True,0.0005810175771228179,3.375814249256697e-07,6000,512,6512,9072,0.6813333630561829,0.95064377784729,218.07780474994797
20260521,1,9,basis_class_error,cifar10/w1/20260521/9,input_concept_comp,512,2,0.00874929263917976,0.0254,0.0030837994964653588,0.024125,True,0.01665070736082024,0.0002772460556156733,6000,512,6512,9072,0.6813333630561829,0.95064377784729,218.07780474994797
20260521,1,9,basis_class_error,cifar10/w1/20260521/9,mc,2048,2,0.02490234375,0.0254,0.0030837994964653588,0.024125,True,0.000497656249999999,2.4766174316406145e-07,0,2048,2048,2048,0.6813333630561829,0.95064377784729,218.07780474994797
20260521,1,9,basis_class_error,cifar10/w1/20260521/9,random_stratified,2048,2,0.021182401641225163,0.0254,0.0030837994964653588,0.024125,True,0.004217598358774836,1.7788135915940188e-05,0,2048,2048,3072,0.6813333630561829,0.95064377784729,218.07780474994797
20260521,1,9,basis_class_error,cifar10/w1/20260521/9,output_active,2048,2,0.025637370893942045,0.0254,0.0030837994964653588,0.024125,True,0.00023737089394204602,5.6344941290846064e-08,0,2048,2048,3072,0.6813333630561829,0.95064377784729,218.07780474994797
20260521,1,9,basis_class_error,cifar10/w1/20260521/9,ase_output,2048,2,0.025982668419584992,0.0254,0.0030837994964653588,0.024125,True,0.0005826684195849932,3.395024871816737e-07,0,2048,2048,3072,0.6813333630561829,0.95064377784729,218.07780474994797
20260521,1,9,basis_class_error,cifar10/w1/20260521/9,sparse_internal,2048,2,0.025256651792061102,0.0254,0.0030837994964653588,0.024125,True,0.00014334820793889674,2.054870871929318e-08,6000,2048,8048,9072,0.6813333630561829,0.95064377784729,218.07780474994797
20260521,1,9,basis_class_error,cifar10/w1/20260521/9,output_comp,2048,2,0.027055466097693198,0.0254,0.0030837994964653588,0.024125,True,0.0016554660976931986,2.740568000611547e-06,6000,2048,8048,9072,0.6813333630561829,0.95064377784729,218.07780474994797
20260521,1,9,basis_class_error,cifar10/w1/20260521/9,input_concept_comp,2048,2,0.024620751295102786,0.0254,0.0030837994964653588,0.024125,True,0.0007792487048972133,6.072285440839841e-07,6000,2048,8048,9072,0.6813333630561829,0.95064377784729,218.07780474994797
20260521,1,10,random_basis_dnf,cifar10/w1/20260521/10,mc,512,2,0.005859375,0.0034,0.001140922043962689,0.00325,True,0.002459375,6.048525390625001e-06,0,512,512,512,0.6813333630561829,0.95064377784729,218.07780474994797
20260521,1,10,random_basis_dnf,cifar10/w1/20260521/10,random_stratified,512,2,0.006519990808823529,0.0034,0.001140922043962689,0.00325,True,0.003119990808823529,9.734342647143298e-06,0,512,512,3072,0.6813333630561829,0.95064377784729,218.07780474994797
20260521,1,10,random_basis_dnf,cifar10/w1/20260521/10,output_active,512,2,0.002922072977582846,0.0034,0.001140922043962689,0.00325,True,0.000477927022417154,2.2841423875652685e-07,0,512,512,3072,0.6813333630561829,0.95064377784729,218.07780474994797
20260521,1,10,random_basis_dnf,cifar10/w1/20260521/10,ase_output,512,2,0.0,0.0034,0.001140922043962689,0.00325,True,0.0034,1.156e-05,0,512,512,3072,0.6813333630561829,0.95064377784729,218.07780474994797
20260521,1,10,random_basis_dnf,cifar10/w1/20260521/10,sparse_internal,512,2,0.004733660712906316,0.0034,0.001140922043962689,0.00325,True,0.0013336607129063164,1.778650897149784e-06,6000,512,6512,9072,0.6813333630561829,0.95064377784729,218.07780474994797
20260521,1,10,random_basis_dnf,cifar10/w1/20260521/10,output_comp,512,2,0.0033423042084726865,0.0034,0.001140922043962689,0.00325,True,5.769579152731328e-05,3.328804359963195e-09,6000,512,6512,9072,0.6813333630561829,0.95064377784729,218.07780474994797
20260521,1,10,random_basis_dnf,cifar10/w1/20260521/10,input_concept_comp,512,2,0.0017230154454022986,0.0034,0.001140922043962689,0.00325,True,0.0016769845545977012,2.81227719635925e-06,6000,512,6512,9072,0.6813333630561829,0.95064377784729,218.07780474994797
20260521,1,10,random_basis_dnf,cifar10/w1/20260521/10,mc,2048,2,0.0029296875,0.0034,0.001140922043962689,0.00325,True,0.0004703124999999998,2.2119384765624983e-07,0,2048,2048,2048,0.6813333630561829,0.95064377784729,218.07780474994797
20260521,1,10,random_basis_dnf,cifar10/w1/20260521/10,random_stratified,2048,2,0.0034473125389174342,0.0034,0.001140922043962689,0.00325,True,4.7312538917434425e-05,2.238476338813747e-09,0,2048,2048,3072,0.6813333630561829,0.95064377784729,218.07780474994797
20260521,1,10,random_basis_dnf,cifar10/w1/20260521/10,output_active,2048,2,0.0035807291666666665,0.0034,0.001140922043962689,0.00325,True,0.0001807291666666667,3.2663031684027795e-08,0,2048,2048,3072,0.6813333630561829,0.95064377784729,218.07780474994797
20260521,1,10,random_basis_dnf,cifar10/w1/20260521/10,ase_output,2048,2,0.0032474205615160108,0.0034,0.001140922043962689,0.00325,True,0.00015257943848398904,2.32804850480894e-08,0,2048,2048,3072,0.6813333630561829,0.95064377784729,218.07780474994797
20260521,1,10,random_basis_dnf,cifar10/w1/20260521/10,sparse_internal,2048,2,0.0036366392334605596,0.0034,0.001140922043962689,0.00325,True,0.00023663923346055977,5.599812681280131e-08,6000,2048,8048,9072,0.6813333630561829,0.95064377784729,218.07780474994797
20260521,1,10,random_basis_dnf,cifar10/w1/20260521/10,output_comp,2048,2,0.0035807291666666665,0.0034,0.001140922043962689,0.00325,True,0.0001807291666666667,3.2663031684027795e-08,6000,2048,8048,9072,0.6813333630561829,0.95064377784729,218.07780474994797
20260521,1,10,random_basis_dnf,cifar10/w1/20260521/10,input_concept_comp,2048,2,0.0032172517416183665,0.0034,0.001140922043962689,0.00325,True,0.0001827482583816333,3.3396925941520204e-08,6000,2048,8048,9072,0.6813333630561829,0.95064377784729,218.07780474994797
20260521,1,11,concept_class_error,cifar10/w1/20260521/11,mc,512,2,0.0,0.0038,0.001205927331807352,0.003,True,0.0038,1.444e-05,0,512,512,512,0.6813333630561829,0.95064377784729,218.07780474994797
20260521,1,11,concept_class_error,cifar10/w1/20260521/11,random_stratified,512,2,0.00841316270424243,0.0038,0.001205927331807352,0.003,True,0.0046131627042424305,2.1281270135813334e-05,0,512,512,3072,0.6813333630561829,0.95064377784729,218.07780474994797
20260521,1,11,concept_class_error,cifar10/w1/20260521/11,output_active,512,2,0.00408006616969751,0.0038,0.001205927331807352,0.003,True,0.00028006616969750977,7.843705940903435e-08,0,512,512,3072,0.6813333630561829,0.95064377784729,218.07780474994797
20260521,1,11,concept_class_error,cifar10/w1/20260521/11,ase_output,512,2,0.005045572916666666,0.0038,0.001205927331807352,0.003,True,0.001245572916666666,1.5514518907335056e-06,0,512,512,3072,0.6813333630561829,0.95064377784729,218.07780474994797
20260521,1,11,concept_class_error,cifar10/w1/20260521/11,sparse_internal,512,2,0.0033338196244240654,0.0038,0.001205927331807352,0.003,True,0.00046618037557593457,2.173241425721194e-07,6000,512,6512,9072,0.6813333630561829,0.95064377784729,218.07780474994797
20260521,1,11,concept_class_error,cifar10/w1/20260521/11,output_comp,512,2,0.002076611076433634,0.0038,0.001205927331807352,0.003,True,0.001723388923566366,2.9700693818712373e-06,6000,512,6512,9072,0.6813333630561829,0.95064377784729,218.07780474994797
20260521,1,11,concept_class_error,cifar10/w1/20260521/11,input_concept_comp,512,2,0.002765797771952392,0.0038,0.001205927331807352,0.003,True,0.0010342022280476078,1.0695742484986363e-06,6000,512,6512,9072,0.6813333630561829,0.95064377784729,218.07780474994797
20260521,1,11,concept_class_error,cifar10/w1/20260521/11,mc,2048,2,0.00341796875,0.0038,0.001205927331807352,0.003,True,0.00038203125,1.459478759765625e-07,0,2048,2048,2048,0.6813333630561829,0.95064377784729,218.07780474994797
20260521,1,11,concept_class_error,cifar10/w1/20260521/11,random_stratified,2048,2,0.005104365079191742,0.0038,0.001205927331807352,0.003,True,0.0013043650791917422,1.7013682598148799e-06,0,2048,2048,3072,0.6813333630561829,0.95064377784729,218.07780474994797
20260521,1,11,concept_class_error,cifar10/w1/20260521/11,output_active,2048,2,0.004839811897043124,0.0038,0.001205927331807352,0.003,True,0.001039811897043124,1.0812087812324204e-06,0,2048,2048,3072,0.6813333630561829,0.95064377784729,218.07780474994797
20260521,1,11,concept_class_error,cifar10/w1/20260521/11,ase_output,2048,2,0.0021415000656852673,0.0038,0.001205927331807352,0.003,True,0.0016584999343147327,2.7506220321219726e-06,0,2048,2048,3072,0.6813333630561829,0.95064377784729,218.07780474994797
20260521,1,11,concept_class_error,cifar10/w1/20260521/11,sparse_internal,2048,2,0.004048354956255265,0.0038,0.001205927331807352,0.003,True,0.00024835495625526475,6.168018429655447e-08,6000,2048,8048,9072,0.6813333630561829,0.95064377784729,218.07780474994797
20260521,1,11,concept_class_error,cifar10/w1/20260521/11,output_comp,2048,2,0.003933197088852097,0.0038,0.001205927331807352,0.003,True,0.00013319708885209695,1.774146447867341e-08,6000,2048,8048,9072,0.6813333630561829,0.95064377784729,218.07780474994797
20260521,1,11,concept_class_error,cifar10/w1/20260521/11,input_concept_comp,2048,2,0.0039062499999999996,0.0038,0.001205927331807352,0.003,True,0.00010624999999999957,1.128906249999991e-08,6000,2048,8048,9072,0.6813333630561829,0.95064377784729,218.07780474994797
